PrescriptionStatus,ImageUrl,Name,Manufacturer,ActiveSubstance,Price,OldPrice,DrugUrl
По рецепту,https://gorzdrav.org/category/sredstva-ot-diabeta/api/v1/multimedia/media/downloadFile/4AFsu5UBAi6hE-ZkjTej-300x300,"Тирзетта Раствор для подкожного введения 5 мг 0,5 мл 4 шт",Биохимик,Тирзепатид,9267.3,10297,https://gorzdrav.org/category/sredstva-ot-diabeta/p/tirzetta-rr-p-k-vved-5-mg-0-5-ml-4-664657/
По рецепту,https://gorzdrav.org/category/sredstva-ot-diabeta/api/v1/multimedia/media/downloadFile/0jxsu5UBAi6hE-ZkNhOx-300x300,"Тирзетта Раствор для подкожного введения 2,5 мг 0,5 мл 4 шт",Биохимик,Тирзепатид,5545,7545,https://gorzdrav.org/category/sredstva-ot-diabeta/p/tirzetta-rr-p-k-vved-2-5-mg-0-5-ml-4-664656/
По рецепту,https://gorzdrav.org/category/sredstva-ot-diabeta/api/v1/multimedia/media/downloadFile/eIvB4pkBjIJXAzWhQMrp-300x300,"Набор из двух упаковок Семавик Раствор 0,25мг/0,5мг/1мг/доза 3мл+Игла одноразовая 9 шт",,,10480,11480,https://gorzdrav.org/category/sredstva-ot-diabeta/p/bundle_semavik-rr-p-k-vved-0-25-0-5-1mg-doza-3ml-n1-shpricruchka-igla-odnoraz-n9-668719-2/
По рецепту,https://gorzdrav.org/category/sredstva-ot-diabeta/api/v1/multimedia/media/downloadFile/lC4uLpwBO1hvZDjOuCH5-300x300,"Набор из трех упаковок Семавик Раствор для подкожного введения 1,34 мг/мл шприц-ручка 3 мл 1 шт + иглы 9 шт",,,15220,17220,https://gorzdrav.org/category/sredstva-ot-diabeta/p/bundle_semavik-rr-p-k-vved-0-25-0-5-1mg-doza-3ml-n1-shpricruchka-igla-odnoraz-n9-668719-3/
По рецепту,https://gorzdrav.org/category/sredstva-ot-diabeta/api/v1/multimedia/media/downloadFile/SGxtuJkBu6LHc-yH4zaZ-300x300,"Семавик Раствор для подкожного введения 1,34 мг/мл шприц-ручка 3 мл 1 шт + иглы 9 шт",Герофарм,Семаглутид,5740,,https://gorzdrav.org/category/sredstva-ot-diabeta/p/semavik-rr-p-k-vved-0-25-0-5-1mg-doza-3ml-n1-shpricruchka-igla-odnoraz-n9-668719/
По рецепту,https://gorzdrav.org/category/sredstva-ot-diabeta/api/v1/multimedia/media/downloadFile/kNNtu5UBAi6hE-ZkCCDS-300x300,"Тирзетта Раствор для подкожного введения 7,5 мг 0,5 мл 4 шт",Биохимик,Тирзепатид,11540.7,12823,https://gorzdrav.org/category/sredstva-ot-diabeta/p/tirzetta-rr-p-k-vved-7-5-mg-0-5-ml-4-664658/
По рецепту,https://gorzdrav.org/category/sredstva-ot-diabeta/api/v1/multimedia/media/downloadFile/T7YHYZgBEl21vw0WA5ri-300x300,"Седжаро Раствор для подкожного введения 5 мг/доза шприц-ручка 2,4 мл 1 шт + игла 4 шт",Герофарм,Тирзепатид,7717,8967,https://gorzdrav.org/category/sredstva-ot-diabeta/p/sedzharo-rr-dlja-p-k-vved-5-mg-doza-shpricruchka-2-4-ml-1-igla-4-666581/
По рецепту,https://gorzdrav.org/category/sredstva-ot-diabeta/api/v1/multimedia/media/downloadFile/Sa8PoZcB2BGN4fsdPB4e-300x300,Форсига Таблетки покрытые пленочной оболочкой 10 мг 30 шт,AstraZeneca,Дапаглифлозин,2542.5,2825,https://gorzdrav.org/category/sredstva-ot-diabeta/p/forsiga-tabl-10mg-n30-49574/
По рецепту,https://gorzdrav.org/category/sredstva-ot-diabeta/api/v1/multimedia/media/downloadFile/5Leo4pkBBFTqaCxSMlZu-300x300,Набор из двух упаковок Семавик Некст раствор 1 мг шприц-ручка 3 мл 1 шт + игла одноразовая 4 шт.,,,8972,9972,https://gorzdrav.org/category/sredstva-ot-diabeta/p/bundle_semavik-nekst-0-001-doza-3ml-n1-shpricruchka-rr-p-k-igla-odnoraz-n4-667602-2/
По рецепту,https://gorzdrav.org/category/sredstva-ot-diabeta/api/v1/multimedia/media/downloadFile/ORMWLpwBOkTyP3bfG9vK-300x300,Набор из трех упаковок Семавик Некст Раствор для подкожного введения 1 мг/доза шприц-ручка 3 мл 1 шт + иглы 4 шт,,,13458,14958,https://gorzdrav.org/category/sredstva-ot-diabeta/p/bundle_semavik-nekst-0-001-doza-3ml-n1-shpricruchka-rr-p-k-igla-odnoraz-n4-667602-3/
По рецепту,https://gorzdrav.org/category/sredstva-ot-diabeta/api/v1/multimedia/media/downloadFile/cInxCZgBH0J-GJRPmR2l-300x300,Семавик Некст Раствор для подкожного введения 1 мг/доза шприц-ручка 3 мл 1 шт + иглы 4 шт,Герофарм,Семаглутид,4986,,https://gorzdrav.org/category/sredstva-ot-diabeta/p/semavik-nekst-0-001-doza-3ml-n1-shpricruchka-rr-p-k-igla-odnoraz-n4-667602/
По рецепту,https://gorzdrav.org/category/sredstva-ot-diabeta/api/v1/multimedia/media/downloadFile/-o9ru5UBRnED4k9i-lQ7-300x300,"Тирзетта Раствор для подкожного введения 10 мг 0,5 мл 4 шт",Биохимик,Тирзепатид,13807.8,15342,https://gorzdrav.org/category/sredstva-ot-diabeta/p/tirzetta-rr-p-k-vved-10-mg-0-5-ml-4-664659/
По рецепту,https://gorzdrav.org/category/sredstva-ot-diabeta/api/v1/multimedia/media/downloadFile/Nq4GYZgBJwpR6z9ZlqrG-300x300,"Седжаро Раствор для подкожного введения 2,5 мг/доза шприц-ручка 2,4 мл 1 шт + игла 4 шт",Герофарм,Тирзепатид,5565,6815,https://gorzdrav.org/category/sredstva-ot-diabeta/p/sedzharo-rr-dlja-p-k-vved-2-5-mg-doza-shpricruchka-2-4-ml-1-igla-4-666576/
По рецепту,https://gorzdrav.org/category/sredstva-ot-diabeta/api/v1/multimedia/media/downloadFile/GWDB4pkBBFTqaCxS8DM--300x300,"Набор из двух упаковок Седжаро Раствор 7,5 мг шприц-ручка 2,4 мл 1 шт + игла 4 шт",,,18734,20734,https://gorzdrav.org/category/sredstva-ot-diabeta/p/bundle_sedzharo-rr-dlja-p-k-vved-7-5-mg-doza-shpricruchka-2-4-ml-1-igla-4-666776-2/
По рецепту,https://gorzdrav.org/category/sredstva-ot-diabeta/api/v1/multimedia/media/downloadFile/dPkLLpwBO1hvZDjO37BX-300x300,"Набор из трех упаковок Седжаро Раствор для подкожного введения 7,5 мг/доза шприц-ручка 2,4 мл 1 шт + игла 4 шт",,,27101,31101,https://gorzdrav.org/category/sredstva-ot-diabeta/p/bundle_sedzharo-rr-dlja-p-k-vved-7-5-mg-doza-shpricruchka-2-4-ml-1-igla-4-666776-3/
По рецепту,https://gorzdrav.org/category/sredstva-ot-diabeta/api/v1/multimedia/media/downloadFile/lmgGYZgBJwpR6z9ZDMTk-300x210,"Седжаро Раствор для подкожного введения 7,5 мг/доза шприц-ручка 2,4 мл 1 шт + игла 4 шт",Герофарм,Тирзепатид,10367,,https://gorzdrav.org/category/sredstva-ot-diabeta/p/sedzharo-rr-dlja-p-k-vved-7-5-mg-doza-shpricruchka-2-4-ml-1-igla-4-666776/
По рецепту,https://gorzdrav.org/category/sredstva-ot-diabeta/api/v1/multimedia/media/downloadFile/kfYPLpwBOkTyP3bfuIe6-300x300,Набор из двух упаковок Седжаро Раствор для подкожного введения 10 мг/доза + игла 4 шт,,,22656,24656,https://gorzdrav.org/category/sredstva-ot-diabeta/p/bundle_sedzharo-0-01-doza-shpricruchka-rr-p-k-igla-n4-667071-2/
По рецепту,https://gorzdrav.org/category/sredstva-ot-diabeta/api/v1/multimedia/media/downloadFile/iJkPLpwBO1hvZDjOQ6_e-300x300,Набор из трех упаковок Седжаро Раствор для подкожного введения 10 мг/доза + игла 4 шт,,,32984,36984,https://gorzdrav.org/category/sredstva-ot-diabeta/p/bundle_sedzharo-0-01-doza-shpricruchka-rr-p-k-igla-n4-667071-3/
По рецепту,https://gorzdrav.org/category/sredstva-ot-diabeta/api/v1/multimedia/media/downloadFile/ktIEYZgBJwpR6z9Z7YRR-300x210,Седжаро Раствор для подкожного введения 10 мг/доза + игла 4 шт,Герофарм,Тирзепатид,12328,,https://gorzdrav.org/category/sredstva-ot-diabeta/p/sedzharo-0-01-doza-shpricruchka-rr-p-k-igla-n4-667071/
По рецепту,https://gorzdrav.org/category/sredstva-ot-diabeta/api/v1/multimedia/media/downloadFile/hWxCtpUBybk0vr4zyAwc-192x300,Джардинс Таблетки покрытые пленочной оболочкой 25 мг 30 шт,Берингер,Эмпаглифлозин,2941.2,3268,https://gorzdrav.org/category/sredstva-ot-diabeta/p/dzhardins-tabl-p-pl-ob-25mg-n30-60978/
По рецепту,https://gorzdrav.org/category/sredstva-ot-diabeta/api/v1/multimedia/media/downloadFile/Foxsu5UBRnED4k9iMXXS-300x300,"Тирзетта Раствор для подкожного введения 12,5 мг 0,5 мл 4 шт",Биохимик,Тирзепатид,17045.1,18939,https://gorzdrav.org/category/sredstva-ot-diabeta/p/tirzetta-rr-p-k-vved-12-5-mg-0-5-ml-4-664660/
По рецепту,https://gorzdrav.org/category/sredstva-ot-diabeta/api/v1/multimedia/media/downloadFile/w9Bsu5UB5yfJBvc3uGTE-300x300,"Тирзетта Раствор для подкожного введения 15 мг 0,5 мл 4 шт",Биохимик,Тирзепатид,19311.3,21457,https://gorzdrav.org/category/sredstva-ot-diabeta/p/tirzetta-rr-p-k-vved-15-mg-0-5-ml-4-664661/
По рецепту,https://gorzdrav.org/category/sredstva-ot-diabeta/api/v1/multimedia/media/downloadFile/WqN5t5UB4hniyrJC5sbI-300x300,Глюкофаж Лонг 1 г Таблетки пролонгированного действия 60 шт,Нанолек,Метформин,667.8,742,https://gorzdrav.org/category/sredstva-ot-diabeta/p/gljukofazh-long-tab-prolong-dja-1000mg60-68197/
По рецепту,https://gorzdrav.org/category/sredstva-ot-diabeta/api/v1/multimedia/media/downloadFile/aiYQLpwB-jufNU_rhoNs-300x300,Набор из трех упаковок Седжаро Раствор для подкожного введения 15 мг/доза шприц-ручка + игла 4 шт,,,45022,50022,https://gorzdrav.org/category/sredstva-ot-diabeta/p/bundle_sedzharo-0-015-doza-shpricruchka-rr-p-k-igla-n4-667678-3/
По рецепту,https://gorzdrav.org/category/sredstva-ot-diabeta/api/v1/multimedia/media/downloadFile/TtsOLpwBOkTyP3bf2_L9-300x300,Набор из двух упаковок Седжаро Раствор для подкожного введения 15 мг/доза шприц-ручка + игла 4 шт,,,30348,33348,https://gorzdrav.org/category/sredstva-ot-diabeta/p/bundle_sedzharo-0-015-doza-shpricruchka-rr-p-k-igla-n4-667678-2/
По рецепту,https://gorzdrav.org/category/sredstva-ot-diabeta/api/v1/multimedia/media/downloadFile/VVeECZkBAVH4f51Sd8ZP-300x210,Седжаро Раствор для подкожного введения 15 мг/доза шприц-ручка + игла 4 шт,Герофарм,Тирзепатид,16674,,https://gorzdrav.org/category/sredstva-ot-diabeta/p/sedzharo-0-015-doza-shpricruchka-rr-p-k-igla-n4-667678/
По рецепту,https://gorzdrav.org/category/sredstva-ot-diabeta/api/v1/multimedia/media/downloadFile/w9IOLpwB-jufNU_rG_Ey-300x300,"Набор из двух упаковок Седжаро Раствор для подкожного введения 12,5 мг/доза шприц-ручка + игла 4 шт",,,25326,28326,https://gorzdrav.org/category/sredstva-ot-diabeta/p/bundle_sedzharo-0-0125-doza-shpricruchka-rr-p-k-igla-n4-667694-2/
По рецепту,https://gorzdrav.org/category/sredstva-ot-diabeta/api/v1/multimedia/media/downloadFile/vcgNLpwBOkTyP3bfVm5g-300x300,"Набор из трех упаковок Седжаро Раствор для подкожного введения 12,5 мг/доза шприц-ручка + игла 4 шт",,,37489,42489,https://gorzdrav.org/category/sredstva-ot-diabeta/p/bundle_sedzharo-0-0125-doza-shpricruchka-rr-p-k-igla-n4-667694-3/
По рецепту,https://gorzdrav.org/category/sredstva-ot-diabeta/api/v1/multimedia/media/downloadFile/lrSCCZkBSj3lfnbrUHc4-300x210,"Седжаро Раствор для подкожного введения 12,5 мг/доза шприц-ручка + игла 4 шт",Герофарм,Тирзепатид,14163,,https://gorzdrav.org/category/sredstva-ot-diabeta/p/sedzharo-0-0125-doza-shpricruchka-rr-p-k-igla-n4-667694/
По рецепту,https://gorzdrav.org/category/sredstva-ot-diabeta/api/v1/multimedia/media/downloadFile/TPLztZUB4hniyrJCjV5b-201x300,НовоРапид ФлексПен Раствор для подкожного и внутривенного введения в шприц-ручках 100 ЕД/мл 3 мл 5 шт,Ново Нордиск,Инсулин аспарт,1995.3,2217,https://gorzdrav.org/category/sredstva-ot-diabeta/p/novorapid-flekspen-rr-d-in-100ed-ml-3ml-n5-42922/
По рецепту,https://gorzdrav.org/category/sredstva-ot-diabeta/api/v1/multimedia/media/downloadFile/gDPwCZgBH0J-GJRPwl2e-300x300,"Семавик Некст Раствор для подкожного введения 0,25 мг/доза шприц-ручка 3 мл 1 шт + иглы 4 шт",Герофарм,Семаглутид,2782,3482,https://gorzdrav.org/category/sredstva-ot-diabeta/p/semavik-nekst-0-00025-doza-3ml-n1-shpricruchka-rr-p-k-igla-odnoraz-n4-667590/
По рецепту,https://gorzdrav.org/category/sredstva-ot-diabeta/api/v1/multimedia/media/downloadFile/DwASoZcB2BGN4fsdNoWX-300x300,Форсига Таблетки покрытые пленочной оболочкой 10 мг 90 шт,AstraZeneca,Дапаглифлозин,7467.3,8297,https://gorzdrav.org/category/sredstva-ot-diabeta/p/-forsiga-0-01-n90-tabl-p-plen-oboloch-626185/
По рецепту,https://gorzdrav.org/category/sredstva-ot-diabeta/api/v1/multimedia/media/downloadFile/0Z0XgZkBzNe2qSeaJzqf-300x300,Набор из двух упаковок Галвус Таблетки 50 мг 28 шт,,,1466,1666,https://gorzdrav.org/category/sredstva-ot-diabeta/p/bundle_galvus-tab-50mg-28-31619_11000154/
По рецепту,https://gorzdrav.org/category/sredstva-ot-diabeta/api/v1/multimedia/media/downloadFile/B7CFtZUBrbRC1cy5iU_5-300x300,Галвус Таблетки 50 мг 28 шт,Новартис Фарма,Вилдаглиптин,833,,https://gorzdrav.org/category/sredstva-ot-diabeta/p/galvus-tabl-50mg-n28-31619/
По рецепту,https://gorzdrav.org/category/sredstva-ot-diabeta/api/v1/multimedia/media/downloadFile/KaDxCZgBDFOSMvLTKCwp-300x300,"Семавик Некст Раствор для подкожного введения 0,5 мг/доза шприц-ручка 3 мл 1 шт + иглы 4 шт",Герофарм,Семаглутид,4819,5519,https://gorzdrav.org/category/sredstva-ot-diabeta/p/semavik-nekst-0-0005-doza-3ml-n1-shpricruchka-rr-p-k-igla-odnoraz-n4-667604/
По рецепту,https://gorzdrav.org/category/sredstva-ot-diabeta/api/v1/multimedia/media/downloadFile/5abatZUB4hniyrJCh2Vv-300x300,Диабетон МВ Таблетки 60 мг 30 шт,СЕРВЬЕ РУС,Гликлазид,250,,https://gorzdrav.org/category/sredstva-ot-diabeta/p/diabeton-mv-tabl-60mg-n30-40683/
По рецепту,https://gorzdrav.org/category/sredstva-ot-diabeta/api/v1/multimedia/media/downloadFile/QnCNb5sB-jufNU_rPc3L-300x300,Набор из двух упаковок Галвус Мет Таблетки 50 мг + 1000 мг 30 шт,,,2722,3522,https://gorzdrav.org/category/sredstva-ot-diabeta/p/bundle_galvus-met-tabl-p-o-50mg-1000mg-n30-41471-2/
По рецепту,https://gorzdrav.org/category/sredstva-ot-diabeta/api/v1/multimedia/media/downloadFile/FJzktZUBybk0vr4zJdN4-300x300,Галвус Мет Таблетки покрытые пленочной оболочкой 50 мг + 1000 мг 30 шт,Новартис Фарма,Вилдаглиптин+Метформин,1761,,https://gorzdrav.org/category/sredstva-ot-diabeta/p/galvus-met-tabl-p-o-50mg-1000mg-n30-41471/
По рецепту,https://gorzdrav.org/category/sredstva-ot-diabeta/api/v1/multimedia/media/downloadFile/8o1ltZUBrbRC1cy50_eL-300x300,Сиофор Таблетки покрытые оболочкой 1000 мг 60 шт,Berlin-Chemie,Метформин,219,,https://gorzdrav.org/category/sredstva-ot-diabeta/p/siofor-tabl-p-o-1000mg-n60-24477/
По рецепту,https://gorzdrav.org/category/sredstva-ot-diabeta/api/v1/multimedia/media/downloadFile/a5Tht5UB_o6zmeq9DoZ2-300x190,"Туджео СолоСтар Раствор для подкожного введения 300 ЕД/мл 1,5 мл картриджи в Шприц-ручках СолоСтар 3 шт",Санофи,Инсулин гларгин,3138,,https://gorzdrav.org/category/sredstva-ot-diabeta/p/tudzheo-solostar-rr-d-i-300ed-ml-1-5ml-n3-192497/
По рецепту,https://gorzdrav.org/category/sredstva-ot-diabeta/api/v1/multimedia/media/downloadFile/6ns9uJUBybk0vr4zCqFj-300x300,Глюкофаж Лонг 750 мг Таблетки пролонгированного действия 60 шт,Нанолек,Метформин,543,,https://gorzdrav.org/category/sredstva-ot-diabeta/p/gljukofazh-long-tab-prolong-dja-750mg60-13775/
По рецепту,https://gorzdrav.org/category/sredstva-ot-diabeta/api/v1/multimedia/media/downloadFile/0w3ftZUB4hniyrJCaB2e-300x300,Берлитион 600 Концентрат для приготовления раствора для инфузий 25 мг/мл ампулы 24 мл 5 шт,Berlin-Chemie,Тиоктовая кислота,1013.4,1126,https://gorzdrav.org/category/sredstva-ot-diabeta/p/berlition-rr-d-in-600ed-25mg-ml-24ml-n5-40837/
По рецепту,https://gorzdrav.org/category/sredstva-ot-diabeta/api/v1/multimedia/media/downloadFile/emD-tZUBybk0vr4zIfiO-300x300,Лантус СолоСтар Раствор для подкожного введения 100 ЕД/мл картриджи в Шприц-ручках 3 мл 5 шт,Санофи,Инсулин гларгин,3678,,https://gorzdrav.org/category/sredstva-ot-diabeta/p/lantus-solo-star-rr-d-in-p-k-vved-100me-ml-3ml-kartridzh-n5-shpricruchka-43829/
По рецепту,https://gorzdrav.org/category/sredstva-ot-diabeta/api/v1/multimedia/media/downloadFile/yEh5tZUB4hniyrJCeEUW-300x300,Левемир Флекспен Раствор для подкожного введения 100 ед/мл 3 мл 5 шт,Ново Нордиск,Инсулин детемир,3041,,https://gorzdrav.org/category/sredstva-ot-diabeta/p/levemir-flekspen-rr-d-podk-vvedenija-100ed-ml-3ml-n5-29296/
По рецепту,https://gorzdrav.org/category/sredstva-ot-diabeta/api/v1/multimedia/media/downloadFile/lbGxtZUBrbRC1cy59Sk2-300x300,Глюкофаж Лонг 500 мг Таблетки пролонгированного действия 60 шт,Нанолек,Метформин,387,,https://gorzdrav.org/category/sredstva-ot-diabeta/p/gljukofazh-long-tabl-p-o-500mg-n60-36687/
По рецепту,https://gorzdrav.org/category/sredstva-ot-diabeta/api/v1/multimedia/media/downloadFile/GH6VtpUBrbRC1cy5LDUu-242x300,Тражента Таблетки покрытые пленочной оболочкой 5 мг 30 шт,Берингер,Линаглиптин,1924.2,2138,https://gorzdrav.org/category/sredstva-ot-diabeta/p/trazhenta-tabl-p-pl-ob-5mg-n30-40084/
По рецепту,https://gorzdrav.org/category/sredstva-ot-diabeta/api/v1/multimedia/media/downloadFile/ijCutZUBybk0vr4zurIL-300x300,Тиоктацид Таблетки покрытые пленочной оболочкой 600 мг 30 шт,Меда Фарма,Тиоктовая кислота,1968,,https://gorzdrav.org/category/sredstva-ot-diabeta/p/tioktacid-tabl-p-pl-ob-600mg-n30-36297/
По рецепту,https://gorzdrav.org/category/sredstva-ot-diabeta/api/v1/multimedia/media/downloadFile/9lVDtpUBybk0vr4zfIH6-300x300,Джардинс Таблетки покрытые пленочной оболочкой 10 мг 30 шт,Берингер,Эмпаглифлозин,3130.2,3478,https://gorzdrav.org/category/sredstva-ot-diabeta/p/dzhardins-tabl-p-o-10mg-n30-61274/
По рецепту,https://gorzdrav.org/category/sredstva-ot-diabeta/api/v1/multimedia/media/downloadFile/UV4atpUBrbRC1cy5ENYn-300x300,Випидия Таблетки покрытые пленочной оболочкой 25 мг 28 шт,Hemofarm,Алоглиптин,1569,,https://gorzdrav.org/category/sredstva-ot-diabeta/p/vipidija-tabl-p-o-25mg-n28-52635/
,https://gorzdrav.org/category/sredstva-ot-diabeta/api/v1/multimedia/media/downloadFile/jCtJfZgBHhsKBsZej5On-300x300,Дибикор Таблетки 500 мг 60 шт,ПИК-Фарма,Таурин,650,,https://gorzdrav.org/category/sredstva-ot-diabeta/p/dibikor-tabl-500mg-n60-51605/
По рецепту,https://gorzdrav.org/category/sredstva-ot-diabeta/api/v1/multimedia/media/downloadFile/RUMCupUBarzHQIad1rNm-177x300,Тресиба Раствор для подкожного введения 100 ЕД/мл картридж в Шприц-ручке флекспен 3 мл картридж + Шприц-ручка 5 шт,Ново Нордиск,Инсулин деглудек,4858,,https://gorzdrav.org/category/sredstva-ot-diabeta/p/tresiba-100ed-ml-3ml-n5-kartridzh-v-shpricruchke-flekspen-rr-p-k-341895/
По рецепту,https://gorzdrav.org/category/sredstva-ot-diabeta/api/v1/multimedia/media/downloadFile/HcSsuZUB7vQMbYfxRKxi-300x214,Метформин-Озон Таблетки 1000 мг 60 шт,Озон,Метформин,191,,https://gorzdrav.org/category/sredstva-ot-diabeta/p/metforminozon-tabl-1000mg-n60-331808/
По рецепту,https://gorzdrav.org/category/sredstva-ot-diabeta/api/v1/multimedia/media/downloadFile/SZ0vtZUBrbRC1cy5HCdd-300x275,Тиогамма Таблетки покрытые пленочной оболочкой 600 мг 30 шт,Вёрваг,Тиоктовая кислота,1022,,https://gorzdrav.org/category/sredstva-ot-diabeta/p/tiogamma-tabl-p-o-600mg-n30-10189/
По рецепту,https://gorzdrav.org/category/sredstva-ot-diabeta/api/v1/multimedia/media/downloadFile/5it1U5oBy6WW8PWFhtIE-300x300,Тиогамма раствор для инфузий 12 мг/мл 50 мл 10 шт,Solupharm,Тиоктовая кислота,2110,,https://gorzdrav.org/category/sredstva-ot-diabeta/p/tiogamma-rr-d-inf-12mg-ml-50ml-fl-10-23676/
По рецепту,https://gorzdrav.org/category/sredstva-ot-diabeta/api/v1/multimedia/media/downloadFile/g46LupUBarzHQIadB-Rs-300x274,Энлигрия Раствор для подкожного введения 6 мг/мл шприц-ручка 3 мл 3 шт,Промомед,Лираглутид,17500,,https://gorzdrav.org/category/sredstva-ot-diabeta/p/enligrija-6mg-ml-3ml-n3-shpricruchka-rr-p-k-642226/
По рецепту,https://gorzdrav.org/category/sredstva-ot-diabeta/api/v1/multimedia/media/downloadFile/qJU-uJUBybk0vr4zH8xv-300x260,Сиофор таблетки 500 мг 60 шт,Berlin-Chemie,Метформин,132,,https://gorzdrav.org/category/sredstva-ot-diabeta/p/siofor-tab-p-o-500mg-60-9385/
По рецепту,https://gorzdrav.org/category/sredstva-ot-diabeta/api/v1/multimedia/media/downloadFile/BufitZUBybk0vr4zTxv--300x300,Октолипен Таблетки 600 мг 30 шт,Фармстандарт,Тиоктовая кислота,823,,https://gorzdrav.org/category/sredstva-ot-diabeta/p/oktolipen-tabl-p-pl-ob-600mg-n30-41375/
По рецепту,https://gorzdrav.org/category/sredstva-ot-diabeta/api/v1/multimedia/media/downloadFile/QhgUu5UB5yfJBvc3kjMi-300x300,Вилдаглиптин-СЗ Таблетки 50 мг 30 шт,Северная Звезда,Вилдаглиптин,469,,https://gorzdrav.org/category/sredstva-ot-diabeta/p/vildagliptin-tabl-50mg-n30-651454/
По рецепту,https://gorzdrav.org/category/sredstva-ot-diabeta/api/v1/multimedia/media/downloadFile/cwaPuJUBybk0vr4z4QbP-300x300,Сиофор Таблетки 850 мг 60 шт,Berlin-Chemie,Метформин,182,,https://gorzdrav.org/category/sredstva-ot-diabeta/p/siofor-tab-p-o-850mg-60-9386/
По рецепту,https://gorzdrav.org/category/sredstva-ot-diabeta/api/v1/multimedia/media/downloadFile/RKvguJUBybk0vr4z0Xlb-300x177,Суглат Таблетки покрытые пленочной оболочкой 50 мг 30 шт,Астеллас,Ипраглифлозин,2576,,https://gorzdrav.org/category/sredstva-ot-diabeta/p/suglat-tabl-p-pl-ob-50mg-30-206005/
По рецепту,https://gorzdrav.org/category/sredstva-ot-diabeta/api/v1/multimedia/media/downloadFile/U2wRoZcBH0J-GJRPTHiK-300x300,Сигдуо Лонг® Таблетки с модифицированным высвобождением покрытые пленочной оболочкой 5 мг+1000 мг 60 шт,AstraZeneca,Дапаглифлозин+Метформин,3360,,https://gorzdrav.org/category/sredstva-ot-diabeta/p/sigduo-long-tabl-p-o-s-modif-vysvob-5mg-1000mg-60-204111/
По рецепту,https://gorzdrav.org/category/sredstva-ot-diabeta/api/v1/multimedia/media/downloadFile/8mM8tZUB4hniyrJCJRfU-300x300,Актрапид HM Раствор для инъекций 100 ме/мл 10 мл,Ново Нордиск,Инсулин растворимый [человеческий генно-инженерный],478,,https://gorzdrav.org/category/sredstva-ot-diabeta/p/aktrapid-nm-rr-d-in-100me-ml-flak-10ml-12800/
По рецепту,https://gorzdrav.org/category/sredstva-ot-diabeta/api/v1/multimedia/media/downloadFile/PMYe-pcBH0J-GJRP8nwc-300x300,Глюкофаж Лонг Таблетки с пролонгированным высвобождением 1000 мг 120 шт,МЕРК,Метформин,1426,,https://gorzdrav.org/category/sredstva-ot-diabeta/p/gljukofazh-long-tabl-p-o-1000mg-n120-666603/
По рецепту,https://gorzdrav.org/category/sredstva-ot-diabeta/api/v1/multimedia/media/downloadFile/1yt8b5sBOkTyP3bfdq-Q-300x300,Набор из двух упаковок Галвус Мет Таблетки 50 мг + 850 мг 30 шт,,,3198,3998,https://gorzdrav.org/category/sredstva-ot-diabeta/p/bundle_galvus-met-tab-p-pl-ob-50mg-850mg-30-32803-2/
По рецепту,https://gorzdrav.org/category/sredstva-ot-diabeta/api/v1/multimedia/media/downloadFile/p2ttuJUBybk0vr4zNQrh-300x300,Галвус Мет Таблетки 50 мг + 850 мг 30 шт,Новартис Фарма,Вилдаглиптин+Метформин,1999,,https://gorzdrav.org/category/sredstva-ot-diabeta/p/galvus-met-tab-p-pl-ob-50mg-850mg-30-32803/
По рецепту,https://gorzdrav.org/category/sredstva-ot-diabeta/api/v1/multimedia/media/downloadFile/K_URoZcB2BGN4fsdPg0s-300x300,Сигдуо Лонг® Таблетки с модифицированным высвобождением покрытые пленочной оболочкой 10 мг+1000 мг 30 шт,AstraZeneca,Дапаглифлозин+Метформин,3357,,https://gorzdrav.org/category/sredstva-ot-diabeta/p/sigduo-long-tabl-p-o-s-modif-vysvob-10mg-1000mg-30-204112/
По рецепту,https://gorzdrav.org/category/sredstva-ot-diabeta/api/v1/multimedia/media/downloadFile/Nsv9tZUBybk0vr4zV7U2-300x300,"Минирин Таблетки 0,2 мг 30 шт",Ферринг,Десмопрессин,1782,,https://gorzdrav.org/category/sredstva-ot-diabeta/p/minirin-tabl-0-2mg-n30-43765/
По рецепту,https://gorzdrav.org/category/sredstva-ot-diabeta/api/v1/multimedia/media/downloadFile/8xtXupUBu1bHOSl1rvP1-300x300,"Синджарди Таблетки покрытые пленочной оболочкой 1000 мг + 12,5 мг 60 шт",Берингер,Метформин+Эмпаглифлозин,5197,,https://gorzdrav.org/category/sredstva-ot-diabeta/p/sindzhardi-tab-p-p-o-1000mg-12-5mg-60-593359/
По рецепту,https://gorzdrav.org/category/sredstva-ot-diabeta/api/v1/multimedia/media/downloadFile/T6QmupUBRjkwyzW3Azf6-300x300,Асиглия Таблетки 100 мг 28 шт,КРКА,Ситаглиптин,639,,https://gorzdrav.org/category/sredstva-ot-diabeta/p/asiglija-0-1-n28-tabl-p-plen-oboloch-626012/
По рецепту,https://gorzdrav.org/category/sredstva-ot-diabeta/api/v1/multimedia/media/downloadFile/0g_quZUBVT-7ZLtgDJLU-300x200,Инкресинк Таблетки 25 мг + 30 мг 28 шт,Такеда Фармасьютикалс,Алоглиптин+Пиоглитазон,1982,,https://gorzdrav.org/category/sredstva-ot-diabeta/p/inkresink-0-025-0-03-n28-tabl-p-plen-oboloch-337784/
По рецепту,https://gorzdrav.org/category/sredstva-ot-diabeta/api/v1/multimedia/media/downloadFile/SPdCuZUBVT-7ZLtg1In8-300x214,Метформин Лонг-Озон Таблетки с пролонгированным высвобождением 1000 мг 60 шт,Озон,Метформин,600,,https://gorzdrav.org/category/sredstva-ot-diabeta/p/metformin-long-tabl-p-v-1000mg-60-210452/
По рецепту,https://gorzdrav.org/category/sredstva-ot-diabeta/api/v1/multimedia/media/downloadFile/aKdWtZUB4hniyrJCfC8b-300x283,Тиогамма Таблетки покрытые пленочной оболочкой 600 мг 60 шт,Вёрваг,Тиоктовая кислота,2018,,https://gorzdrav.org/category/sredstva-ot-diabeta/p/tiogamma-tabl-p-o-600mg-n60-20786/
По рецепту,https://gorzdrav.org/category/sredstva-ot-diabeta/api/v1/multimedia/media/downloadFile/SzAOoZcB2BGN4fsdFU6q-300x300,Онглиза Таблетки покрытые пленочной оболочкой 5 мг 30 шт,AstraZeneca,Саксаглиптин,2016,,https://gorzdrav.org/category/sredstva-ot-diabeta/p/ongliza-tabl-p-o-5mg-n30-40083/
По рецепту,https://gorzdrav.org/category/sredstva-ot-diabeta/api/v1/multimedia/media/downloadFile/z_dfu5UBAi6hE-ZkEnKK-300x208,Сиофор Лонг Таблетки с пролонгированным высвобождением 1000 мг 60 шт,Berlin-Chemie,,520,,https://gorzdrav.org/category/sredstva-ot-diabeta/p/siofor-long-tab-prolong-1000mg-n60-663839/
По рецепту,https://gorzdrav.org/category/sredstva-ot-diabeta/api/v1/multimedia/media/downloadFile/BVbit5UB_o6zmeq9PfmH-300x300,"Випдомет таблетки 12,5 мг + 1000 мг 56 шт",Штада,Алоглиптин+Метформин,2517,,https://gorzdrav.org/category/sredstva-ot-diabeta/p/vipdomet-tabl-p-o-12mg-1000mg-n56-194254/
По рецепту,https://gorzdrav.org/category/sredstva-ot-diabeta/api/v1/multimedia/media/downloadFile/k_actZUBybk0vr4zdPYJ-300x300,Амарил таблетки 4 мг 30 шт,Санофи,Глимепирид,2121,,https://gorzdrav.org/category/sredstva-ot-diabeta/p/amaril-tabl-4mg-n30-34491/
По рецепту,https://gorzdrav.org/category/sredstva-ot-diabeta/api/v1/multimedia/media/downloadFile/_BIkupUBarzHQIadXdp6-300x300,Асиглия Мет Таблетки 1000 мг + 50 мг 56 шт,КРКА,Метформин+Ситаглиптин,1158,,https://gorzdrav.org/category/sredstva-ot-diabeta/p/asiglija-met-1-0-0-05-n56-tabl-p-plen-oboloch-626426/
По рецепту,https://gorzdrav.org/category/sredstva-ot-diabeta/api/v1/multimedia/media/downloadFile/UDUEu5UB5yfJBvc3SopZ-172x300,Райзодег 100 ЕД/мл раствор для подкожного введения картридж+шприц-ручка Флекспен 5 шт,Ново Нордиск,Инсулин деглудек+Инсулин аспарт,3264,,https://gorzdrav.org/category/sredstva-ot-diabeta/p/rajzodeg-100ed-ml-3ml-n5-kartridzh-v-shpricruchke-flekspen-rr-p-k-635961/
По рецепту,https://gorzdrav.org/category/sredstva-ot-diabeta/api/v1/multimedia/media/downloadFile/pNjWt5UBybk0vr4zTZ2r-300x300,Кселевия таблетки 100 мг 28 шт,Berlin-Chemie,Ситаглиптин,1362,,https://gorzdrav.org/category/sredstva-ot-diabeta/p/kselevija-tabl-p-o-100mg-n28-194007/
По рецепту,https://gorzdrav.org/category/sredstva-ot-diabeta/api/v1/multimedia/media/downloadFile/XpONuJUBybk0vr4zTHP_-300x204,Соликва Солостар Раствор 100 ед/мл + 33 мкг/мл 3 мл 3 шт,Санофи,Инсулин гларгин+Ликсисенатид,3907,,https://gorzdrav.org/category/sredstva-ot-diabeta/p/solikva-solostar-100ed-ml-33mkg-ml-3ml3-198703/
По рецепту,https://gorzdrav.org/category/sredstva-ot-diabeta/api/v1/multimedia/media/downloadFile/ltTJt5UB_o6zmeq9_Gsb-300x300,Инвокана 300 мг Таблетки покрытые пленочной оболочкой 30 шт,Янссен,Канаглифлозин,5352,,https://gorzdrav.org/category/sredstva-ot-diabeta/p/invokana-tabl-p-p-o-300mg-30-191065/
По рецепту,https://gorzdrav.org/category/sredstva-ot-diabeta/api/v1/multimedia/media/downloadFile/NlbctZUBrbRC1cy5eyOL-300x300,Глимепирид-Вертекс Таблетки 4 мг 30 шт,Вертекс,Глимепирид,455,,https://gorzdrav.org/category/sredstva-ot-diabeta/p/glimepirid-verte-tabl-4mg-n30-40808/
По рецепту,https://gorzdrav.org/category/sredstva-ot-diabeta/api/v1/multimedia/media/downloadFile/vMYquZUB4hniyrJCN1gQ-300x300,Гликлазид МВ-Озон Таблетки с модифицированным высвобождением 60 мг 30 шт,Озон,Гликлазид,238,,https://gorzdrav.org/category/sredstva-ot-diabeta/p/gliklazid-mv-tab-modif-v-60mg-30-207712/
По рецепту,https://gorzdrav.org/category/sredstva-ot-diabeta/api/v1/multimedia/media/downloadFile/rA6qupUBRjkwyzW3-eAZ-300x185,Энлигрия Раствор для подкожного введения 6 мг/мл шприц-ручка 3 мл 5 шт,Промомед,Лираглутид,27392,,https://gorzdrav.org/category/sredstva-ot-diabeta/p/enligrija-0-006-ml-3ml-n5-shpricruchka-rr-p-k-646958/
По рецепту,https://gorzdrav.org/category/sredstva-ot-diabeta/api/v1/multimedia/media/downloadFile/1sBzt5UB4hniyrJC3m_t-300x300,Глюкофаж Лонг 1 г Таблетки пролонгированного действия 30 шт,Нанолек,Метформин,377,,https://gorzdrav.org/category/sredstva-ot-diabeta/p/gljukofazh-long-tab-prolong-dja-1000mg30-68198/
,https://gorzdrav.org/category/sredstva-ot-diabeta/api/v1/multimedia/media/downloadFile/WbYfS5sB-jufNU_rTtLL-300x300,Дибикор Таблетки 500 мг 90 шт,ПИК-Фарма,Таурин,990,,https://gorzdrav.org/category/sredstva-ot-diabeta/p/dibikor-0-5-n90-tabl-670269/
По рецепту,https://gorzdrav.org/category/sredstva-ot-diabeta/api/v1/multimedia/media/downloadFile/9420tZUBrbRC1cy5utz7-300x300,Тиоктацид БВ Таблетки 600 мг 100 шт,Меда Фарма,Тиоктовая кислота,3422,,https://gorzdrav.org/category/sredstva-ot-diabeta/p/tioktacid-tabl-p-pl-ob-600mg-n100-36922/
По рецепту,https://gorzdrav.org/category/sredstva-ot-diabeta/api/v1/multimedia/media/downloadFile/bzImu5UB5yfJBvc3HNob-300x200,Метформин-Реневал Таблетки 850 мг 60 шт,Обновление,Метформин,187,,https://gorzdrav.org/category/sredstva-ot-diabeta/p/metformin-reneval-tabl-p-pl-ob-850mg-n60-651278/
По рецепту,https://gorzdrav.org/category/sredstva-ot-diabeta/api/v1/multimedia/media/downloadFile/uFWitZUBrbRC1cy5Q_U_-300x300,Амарил Таблетки 2 мг 30 шт,Санофи,Глимепирид,1152,,https://gorzdrav.org/category/sredstva-ot-diabeta/p/amaril-tabl-2mg-n30-34938/
По рецепту,https://gorzdrav.org/category/sredstva-ot-diabeta/api/v1/multimedia/media/downloadFile/LSFdtZUBrbRC1cy5Np_J-300x300,"Глибомет Таблетки покрытые пленочной оболочкой 2,5 мг + 400 мг 40 шт",Berlin-Chemie,Глибенкламид+Метформин,837,,https://gorzdrav.org/category/sredstva-ot-diabeta/p/glibomet-tabl-p-o-n40-22818/
По рецепту,https://gorzdrav.org/category/sredstva-ot-diabeta/api/v1/multimedia/media/downloadFile/v9vtt5UB4hniyrJCoaCT-300x169,Велметия Таблетки покрытые оболочкой 1000мг + 50мг 56 шт,Берлин-Фарма,Метформин+Ситаглиптин,3240,,https://gorzdrav.org/category/sredstva-ot-diabeta/p/velmetija-tabl-p-o-1000mg-50mg-56-198382/
По рецепту,https://gorzdrav.org/category/sredstva-ot-diabeta/api/v1/multimedia/media/downloadFile/3kwuupUBRjkwyzW3EUvi-272x300,Гликлазид МВ-Озон Таблетки с модифицированным высвобождением 30 мг 60 шт,Озон,Гликлазид,204,,https://gorzdrav.org/category/sredstva-ot-diabeta/p/gliklazid-mv-tab-modifv-30mg-60-588711/
По рецепту,https://gorzdrav.org/category/sredstva-ot-diabeta/api/v1/multimedia/media/downloadFile/fFkrupUBsYtKaeUWEwSu-300x201,Метформин-Озон таблетки 500 мг 60 шт,Озон,Метформин,102,,https://gorzdrav.org/category/sredstva-ot-diabeta/p/novyj-tovar-548107/
По рецепту,https://gorzdrav.org/category/sredstva-ot-diabeta/api/v1/multimedia/media/downloadFile/TUFKfZgBEl21vw0W-OBA-300x300,Элькар Раствор для инъекций 100 мг/мл 5 мл 10 шт,ПИК-Фарма,Левокарнитин,759,,https://gorzdrav.org/category/sredstva-ot-diabeta/p/elkar-rr-d-in-v-v-v-m-0-1-ml-5ml-n10-62969/
По рецепту,https://gorzdrav.org/category/sredstva-ot-diabeta/api/v1/multimedia/media/downloadFile/HcvWuZUB7vQMbYfxIJAy-300x188,Тиоктовая кислота-Вертекс Таблетки покрытые пленочной оболочкой 600 мг 28 шт,Вертекс,Тиоктовая кислота,1024,,https://gorzdrav.org/category/sredstva-ot-diabeta/p/tioktovaja-kislotaverteks-tabletki-600-mg-28-sht-263879/
По рецепту,https://gorzdrav.org/category/sredstva-ot-diabeta/api/v1/multimedia/media/downloadFile/5BMHuZUB4hniyrJCX99w-300x300,Метформин-Озон Таблетки 850 мг 60 шт,Озон,Метформин,175,,https://gorzdrav.org/category/sredstva-ot-diabeta/p/metforminozon-tab-850mg-60-43832/
По рецепту,https://gorzdrav.org/category/sredstva-ot-diabeta/api/v1/multimedia/media/downloadFile/RgGMuJUB4hniyrJCf-89-168x300,Голда МВ Таблетки 60 мг 30 шт,Фармасинтез,Гликлазид,243,,https://gorzdrav.org/category/sredstva-ot-diabeta/p/golda-mv-tabl-60mg-30-205380/
По рецепту,https://gorzdrav.org/category/sredstva-ot-diabeta/api/v1/multimedia/media/downloadFile/vK9BupUBRjkwyzW3l4G0-300x270,"Туджео СолоСтар Раствор для подкожного введения 300 ЕД/мл 1,5 мл 5 шт",Санофи,Инсулин гларгин,5226,,https://gorzdrav.org/category/sredstva-ot-diabeta/p/tudzheo-solostar-rr-d-i-300ed-ml-1-5ml-n5-584638/
По рецепту,https://gorzdrav.org/category/sredstva-ot-diabeta/api/v1/multimedia/media/downloadFile/acCRupUBu1bHOSl1U1ab-300x300,Вилдаглиптин-Озон Таблетки 50 мг 28 шт,Озон,Вилдаглиптин,679,,https://gorzdrav.org/category/sredstva-ot-diabeta/p/vildagliptin-tabl-50mg-n28-643681/
По рецепту,https://gorzdrav.org/category/sredstva-ot-diabeta/api/v1/multimedia/media/downloadFile/9wm5tZUB4hniyrJCxES7-300x300,Глюкофаж Лонг 750 мг Таблетки пролонгированного действия 30 шт,Нанолек,Метформин,286,,https://gorzdrav.org/category/sredstva-ot-diabeta/p/gljukofazh-long-tabl-p-o-750mg-n30-37497/
,https://gorzdrav.org/category/sredstva-ot-diabeta/api/v1/multimedia/media/downloadFile/u0obdpgBEl21vw0WEr3w-300x240,"Эвалар Олиджим Таблетки массой 0,52 г 100 шт",Эвалар,,1114,,https://gorzdrav.org/category/sredstva-ot-diabeta/p/olidzhim-tabl-0-52g-n100-36292/
По рецепту,https://gorzdrav.org/category/sredstva-ot-diabeta/api/v1/multimedia/media/downloadFile/TUDgt5UBybk0vr4zolh6-300x300,Ринсулин НПХ Суспензия для подкожного введения картридж 100 ме/мл 3 мл 5 шт,Герофарм,Инсулин-изофан [человеческий генно-инженерный],1147,,https://gorzdrav.org/category/sredstva-ot-diabeta/p/rinsulin-npkh-susp-d-p-k-vv-100-me-ml-kartridzh-3ml-n5-194235/
По рецепту,https://gorzdrav.org/category/sredstva-ot-diabeta/api/v1/multimedia/media/downloadFile/wB03tpUB4hniyrJCTziE-300x300,Минирин Мелт Таблетки-лиофилизат 60 мкг 30 шт,CATALENT UK SWINDON ZYDIS,Десмопрессин,1569,,https://gorzdrav.org/category/sredstva-ot-diabeta/p/minirin-tab-rassas-60mkg-30-58715/
По рецепту,https://gorzdrav.org/category/sredstva-ot-diabeta/api/v1/multimedia/media/downloadFile/kMjKt5UB_o6zmeq9acIb-300x300,Инвокана 100 мг Таблетки покрытые пленочной оболочкой 30 шт,Янссен,Канаглифлозин,3278,,https://gorzdrav.org/category/sredstva-ot-diabeta/p/invokana-tabl-p-p-o-100mg-30-191064/
По рецепту,https://gorzdrav.org/category/sredstva-ot-diabeta/api/v1/multimedia/media/downloadFile/UaJZq5YBuDZ3SNYhD5bg-300x300,Вилдаглиптин Гликвитабс Таблетки 50 мг 60 шт,Фармстандарт,Вилдаглиптин,1056,,https://gorzdrav.org/category/sredstva-ot-diabeta/p/vildagliptin-glikvitabs-0-05-n60-tabl-665214/
По рецепту,https://gorzdrav.org/category/sredstva-ot-diabeta/api/v1/multimedia/media/downloadFile/DmRfu5UB5yfJBvc3NmHC-300x208,Сиофор Лонг Таблетки с пролонгированным высвобождением 500 мг 60 шт,Berlin-Chemie,,301,,https://gorzdrav.org/category/sredstva-ot-diabeta/p/siofor-long-tab-prolong-500mg-n60-663840/
По рецепту,https://gorzdrav.org/category/sredstva-ot-diabeta/api/v1/multimedia/media/downloadFile/2ReOb5sBOkTyP3bfrYIP-300x300,Набор из двух упаковок Галвус Мет Таблетки 50 мг + 500 мг 30 шт,,,3194,3994,https://gorzdrav.org/category/sredstva-ot-diabeta/p/bundle_galvus-met-tabl-p-o-50mg-500mg-n30-32802-2/
По рецепту,https://gorzdrav.org/category/sredstva-ot-diabeta/api/v1/multimedia/media/downloadFile/4daNtZUB4hniyrJC_JUd-300x266,Галвус Мет Таблетки покрытые пленочной оболочкой 50 мг + 500 мг 30 шт,Новартис Фарма,Вилдаглиптин+Метформин,1997,,https://gorzdrav.org/category/sredstva-ot-diabeta/p/galvus-met-tabl-p-o-50mg-500mg-n30-32802/
По рецепту,https://gorzdrav.org/category/sredstva-ot-diabeta/api/v1/multimedia/media/downloadFile/X3OMuJUB4hniyrJC29gK-193x300,Мерифатин Таблетки 1000 мг 60 шт,Фармасинтез,Метформин,186,,https://gorzdrav.org/category/sredstva-ot-diabeta/p/merifatin-tabl-p-o-1000mg-60-205381/
По рецепту,https://gorzdrav.org/category/sredstva-ot-diabeta/api/v1/multimedia/media/downloadFile/h4nftZUB4hniyrJCTp5G-300x300,Октолипен Концентрат для приготовления раствора для инфузий 30 мг/мл 10 мл ампулы 10 шт,Фармстандарт,Тиоктовая кислота,577,,https://gorzdrav.org/category/sredstva-ot-diabeta/p/oktolipen-konc-d-rra-0-03-ml-amp-10ml-n10-40831/
По рецепту,https://gorzdrav.org/category/sredstva-ot-diabeta/api/v1/multimedia/media/downloadFile/ucoLVpgBEl21vw0Wowog-300x300,"Семуглин Раствор для подкожного введения шприц-ручка 0,25мг/0,5мл/доза 3мл + Игла 8 шт",Фармасинтез,Семаглутид,4963,,https://gorzdrav.org/category/sredstva-ot-diabeta/p/semuglin-0-25-0-5mg-doza-3ml-n1-shpricruchka-rr-p-k-igla-n4-665368/
По рецепту,https://gorzdrav.org/category/sredstva-ot-diabeta/api/v1/multimedia/media/downloadFile/PVbdtZUBrbRC1cy5RxYu-300x300,Глимепирид-Вертекс Таблетки 2 мг 30 шт,Вертекс,Глимепирид,310,,https://gorzdrav.org/category/sredstva-ot-diabeta/p/glimepirid-verte-tabl-2mg-n30-40806/
По рецепту,https://gorzdrav.org/category/sredstva-ot-diabeta/api/v1/multimedia/media/downloadFile/VpQ6uZUBybk0vr4zcGtw-300x163,Гликлазид-Вертекс Таблетки с пролонгированным высвобождением 60 мг 30 шт,Вертекс,Гликлазид,276,,https://gorzdrav.org/category/sredstva-ot-diabeta/p/gliklazid-mvverteks-tab-prolong-vys-60mg-n30-300347/
По рецепту,https://gorzdrav.org/category/sredstva-ot-diabeta/api/v1/multimedia/media/downloadFile/cmYOVpgBEl21vw0WyT2y-300x300,Семуглин Раствор для подкожного введения шприц-ручка 1мг/доза 3мл + Игла 4 шт,Фармасинтез,Семаглутид,4890,,https://gorzdrav.org/category/sredstva-ot-diabeta/p/semuglin-0-001-doza-3ml-n1-shpricruchka-rr-p-k-igla-n4-665151/
По рецепту,https://gorzdrav.org/category/sredstva-ot-diabeta/api/v1/multimedia/media/downloadFile/6x8ktpUBrbRC1cy5sYPl-300x300,Минирин Мелт таблетки-лиофилизат 120 мкг 30 шт,Ферринг,Десмопрессин,3157,,https://gorzdrav.org/category/sredstva-ot-diabeta/p/minirin-tabl-d-rassas-120mkg-n30-55163/
По рецепту,https://gorzdrav.org/category/sredstva-ot-diabeta/api/v1/multimedia/media/downloadFile/fZgktpUBybk0vr4zSwhA-300x300,"Випидия Таблетки покрытые пленочной оболочкой 12,5 мг 28 шт",Hemofarm,Алоглиптин,1189,,https://gorzdrav.org/category/sredstva-ot-diabeta/p/vipidija-tab-p-pl-ob-12-5mg-28-55082/
По рецепту,https://gorzdrav.org/category/sredstva-ot-diabeta/api/v1/multimedia/media/downloadFile/TZACkZYBa7_a2x-rc01P-300x300,Лусефи Таблетки 5 мг 30 шт,СЕРВЬЕ РУС,Лусеоглифлозин,3520,,https://gorzdrav.org/category/sredstva-ot-diabeta/p/lusefi-5mg-tabl-p-pl-ob-n30-665876/
По рецепту,https://gorzdrav.org/category/sredstva-ot-diabeta/api/v1/multimedia/media/downloadFile/AtCstZUB4hniyrJCQatu-300x300,Амарил М Таблетки 2 мг + 500 мг 30 шт,Санофи,Глимепирид+Метформин,1278,,https://gorzdrav.org/category/sredstva-ot-diabeta/p/amaril-m-tabl-2mg-500mg-n30-35932/
По рецепту,https://gorzdrav.org/category/sredstva-ot-diabeta/api/v1/multimedia/media/downloadFile/Fw7ctZUBybk0vr4z-4Vj-300x300,Октолипен капсулы 300 мг 30 шт,Фармстандарт,Тиоктовая кислота,412,,https://gorzdrav.org/category/sredstva-ot-diabeta/p/oktolipen-kaps-300mg-n30-40768/
По рецепту,https://gorzdrav.org/category/sredstva-ot-diabeta/api/v1/multimedia/media/downloadFile/wpcsu5UBJVujGJtQ4mzt-300x185,Октолипен Таблетки 600 мг 60 шт,Фармстандарт,Тиоктовая кислота,1561,,https://gorzdrav.org/category/sredstva-ot-diabeta/p/oktolipen-0-6-n60-tabl-p-plen-oboloch-649560/
По рецепту,https://gorzdrav.org/category/sredstva-ot-diabeta/api/v1/multimedia/media/downloadFile/35xdupUBarzHQIadkTTX-300x200,Ситадиаб Таблетки 100 мг 28 шт,Гедеон Рихтер,Ситаглиптин,628,,https://gorzdrav.org/category/sredstva-ot-diabeta/p/sitadiab-tabl-p-o-100mg-n28-631138/
По рецепту,https://gorzdrav.org/category/sredstva-ot-diabeta/api/v1/multimedia/media/downloadFile/-KXvtZUB4hniyrJCJ2bA-300x300,Комбоглиз Пролонг Таблетки с модифицированным высвобождением покрытые пленочной оболочкой 1000 мг + 5 мг 28 шт,AstraZeneca,Метформин+Саксаглиптин,3643,,https://gorzdrav.org/category/sredstva-ot-diabeta/p/kombogliz-prolong-tabl-p-pl-ob-1000mg-5mg-n28-42422/
По рецепту,https://gorzdrav.org/category/sredstva-ot-diabeta/api/v1/multimedia/media/downloadFile/zpQluZUB4hniyrJCbPuv-300x300,Эводин Таблетки покрытые пленочной оболочкой 5 мг 28 шт,Герофарм,Эвоглиптин,1247,,https://gorzdrav.org/category/sredstva-ot-diabeta/p/evodin-tabl-p-o-5mg-28-211548/
,https://gorzdrav.org/category/sredstva-ot-diabeta/api/v1/multimedia/media/downloadFile/tpR5uZUB7vQMbYfxsQO9-300x300,Субетта Таблетки для рассасывания 100 шт,МАТЕРИА МЕДИКА,Антитела к эндотелиальной NO-синтазе,735,,https://gorzdrav.org/category/sredstva-ot-diabeta/p/subetta-tab-d-rass-100-334219/
,https://gorzdrav.org/category/sredstva-ot-diabeta/api/v1/multimedia/media/downloadFile/yacPtZUBrbRC1cy53DkR-300x300,Глютаминовая кислота Таблетки 250 мг 10 шт,Татхимфармпрепараты,Глутаминовая кислота,101,,https://gorzdrav.org/category/sredstva-ot-diabeta/p/gljutaminovaja-kislota-tabl-250mg-n10-3674/
По рецепту,https://gorzdrav.org/category/sredstva-ot-diabeta/api/v1/multimedia/media/downloadFile/k6JPuZUBBKIAJbhrZX2K-300x300,Глюкованс Таблетки 5 мг + 500 мг 60 шт,МЕРК,Глибенкламид+Метформин,1074,,https://gorzdrav.org/category/sredstva-ot-diabeta/p/gljukovans-tabl-p-o-500mg-n60-300778/
По рецепту,https://gorzdrav.org/category/sredstva-ot-diabeta/api/v1/multimedia/media/downloadFile/g9XQt5UB4hniyrJCSUys-300x300,"Трулисити раствор для подкожного введения 1,5 мг/0,5 мл шприц-ручка 4 шт",Lilly France,Дулаглутид,6510.6,7234,https://gorzdrav.org/category/sredstva-ot-diabeta/p/trulisiti-rr-d-pk-v1-5mg-0-5ml-shpruch4-187549/
По рецепту,https://gorzdrav.org/category/sredstva-ot-diabeta/api/v1/multimedia/media/downloadFile/hDnctZUBrbRC1cy5VQ7p-300x300,Глимепирид-Вертекс Таблетки 3 мг 30 шт,Вертекс,Глимепирид,466,,https://gorzdrav.org/category/sredstva-ot-diabeta/p/glimepirid-verte-tabl-3mg-n30-40807/
По рецепту,https://gorzdrav.org/category/sredstva-ot-diabeta/api/v1/multimedia/media/downloadFile/JJFPuZUB7vQMbYfxNTyi-300x300,"Глюкованс Таблетки покрытые оболочкой 2,5 мг + 500 мг 60 шт",МЕРК,Глибенкламид+Метформин,933,,https://gorzdrav.org/category/sredstva-ot-diabeta/p/gljukovans-tab-p-o-500mg-60-300777/
По рецепту,https://gorzdrav.org/category/sredstva-ot-diabeta/api/v1/multimedia/media/downloadFile/tgyxtZUBrbRC1cy5ZKT3-300x300,Глюкофаж Лонг 500 мг Таблетки пролонгированного действия 30 шт,Нанолек,Метформин,205,,https://gorzdrav.org/category/sredstva-ot-diabeta/p/gljukofazh-long-tabl-p-o-500mg-n30-36686/
По рецепту,https://gorzdrav.org/category/sredstva-ot-diabeta/api/v1/multimedia/media/downloadFile/lzleu5UB5yfJBvc3ab9K-300x208,Сиофор Лонг Таблетки с пролонгированным высвобождением 750 мг 60 шт,Berlin-Chemie,,439,,https://gorzdrav.org/category/sredstva-ot-diabeta/p/siofor-long-tab-prolong-750mg-n60-663841/
По рецепту,https://gorzdrav.org/category/sredstva-ot-diabeta/api/v1/multimedia/media/downloadFile/IRBXupUBu1bHOSl1rAXC-300x300,Синджарди Таблетки покрытые пленочной оболочкой 1000 мг + 5 мг 60 шт,Берингер,Метформин+Эмпаглифлозин,5476,,https://gorzdrav.org/category/sredstva-ot-diabeta/p/sindzhardi-1-0-0-005-n60-tabl-p-plen-oboloch-600025/
По рецепту,https://gorzdrav.org/category/sredstva-ot-diabeta/api/v1/multimedia/media/downloadFile/UZWLtZUB4hniyrJCZjJo-300x300,Тиоктацид 600 Т Раствор для внутривенного введения 25 мг/мл 24 мл ампулы 5 шт,Меда Фарма,Тиоктовая кислота,1713,,https://gorzdrav.org/category/sredstva-ot-diabeta/p/tioktacid-konc-d-rra-d-inf-600mg-25ml-amp-24ml-n5-32541/
По рецепту,https://gorzdrav.org/category/sredstva-ot-diabeta/api/v1/multimedia/media/downloadFile/Y-5dupUBu1bHOSl1pwkS-197x300,Глюкоза Порошок для приготовления раствора для приема внутрь,ЛЕКАРЬ,Декстроза,421,,https://gorzdrav.org/category/sredstva-ot-diabeta/p/gljukoza-dlja-gljukozotolerantnogo-testa-75-0-604034/
По рецепту,https://gorzdrav.org/category/sredstva-ot-diabeta/api/v1/multimedia/media/downloadFile/Qwzut5UB4hniyrJCJs9K-300x169,Велметия Таблетки покрытые оболочкой 850 мг + 50 мг 56 шт,Берлин-Фарма,Метформин+Ситаглиптин,3187,,https://gorzdrav.org/category/sredstva-ot-diabeta/p/velmetija-tabl-p-o-850mg-50mg-56-198381/
По рецепту,https://gorzdrav.org/category/sredstva-ot-diabeta/api/v1/multimedia/media/downloadFile/c30PtZUBrbRC1cy5kRh6-300x300,Глюренорм Таблетки 30 мг 60 шт,Берингер,Гликвидон,740,,https://gorzdrav.org/category/sredstva-ot-diabeta/p/gljurenorm-tabl-30mg-n60-3673/
По рецепту,https://gorzdrav.org/category/sredstva-ot-diabeta/api/v1/multimedia/media/downloadFile/7BOMupUBRjkwyzW3csSb-300x237,Агарта Таблетки 50 мг 30 шт,Гедеон Рихтер,Вилдаглиптин,589,,https://gorzdrav.org/category/sredstva-ot-diabeta/p/agarta-tabl-50mg-n30-643074/
По рецепту,https://gorzdrav.org/category/sredstva-ot-diabeta/api/v1/multimedia/media/downloadFile/YzpBupUBRjkwyzW3aR31-300x276,Росинсулин Аспарт Р Раствор для внутривенного и подкожного введения картридж в шприц-ручке 3 мл 5 шт,МЕДСИНТЕЗ ЗАВОД,Инсулин двухфазный [человеческий генно-инженерный],2171,,https://gorzdrav.org/category/sredstva-ot-diabeta/p/rosinsulin-aspart-r-100me-ml-3ml-n5-kartridzh-v-shpricruchke-rr-v-v-p-k-623061/
По рецепту,https://gorzdrav.org/category/sredstva-ot-diabeta/api/v1/multimedia/media/downloadFile/2pxDuZUB7vQMbYfxWENa-300x245,Метформин Лонг-Озон Таблетки с пролонгированным высвобождением 500 мг 60 шт,Озон,Метформин,359,,https://gorzdrav.org/category/sredstva-ot-diabeta/p/metformin-long-tabl-p-v-500mg-60-210454/
По рецепту,https://gorzdrav.org/category/sredstva-ot-diabeta/api/v1/multimedia/media/downloadFile/STJsupUBarzHQIadVXmy-300x169,Форсиглекс Таблетки 1000 мг + 50 мг 56 шт,Польфарма,Метформин+Ситаглиптин,1309,,https://gorzdrav.org/category/sredstva-ot-diabeta/p/forsigleks-tabl-p-o-1000mg-50mg-n56-639693/
По рецепту,https://gorzdrav.org/category/sredstva-ot-diabeta/api/v1/multimedia/media/downloadFile/GbuDtZUB4hniyrJCNMYk-300x300,Амарил Таблетки 1 мг 30 шт,Санофи,Глимепирид,541,,https://gorzdrav.org/category/sredstva-ot-diabeta/p/amaril-tabl-1mg-n30-31300/
По рецепту,https://gorzdrav.org/category/sredstva-ot-diabeta/api/v1/multimedia/media/downloadFile/WsKQupUBu1bHOSl1bD7U-300x300,Вилдаглиптин-Озон Таблетки 50 мг 56 шт,Озон,Вилдаглиптин,1340,,https://gorzdrav.org/category/sredstva-ot-diabeta/p/vildagliptin-0-05-n56-tabl-644293/
По рецепту,https://gorzdrav.org/category/sredstva-ot-diabeta/api/v1/multimedia/media/downloadFile/OFjjupUBRjkwyzW3Q-ht-300x300,Глипвило Таблетки 50 мг 56 шт,КРКА,Вилдаглиптин,688,,https://gorzdrav.org/category/sredstva-ot-diabeta/p/glipvilo-tabl-50mg-n56-647094/
По рецепту,https://gorzdrav.org/category/sredstva-ot-diabeta/api/v1/multimedia/media/downloadFile/gIPpuZUBVT-7ZLtgM5jA-300x200,Инкресинк Таблетки 25 мг + 15 мг 28 шт,Такеда Фармасьютикалс,Алоглиптин+Пиоглитазон,1368,,https://gorzdrav.org/category/sredstva-ot-diabeta/p/inkresink-0-025-0-015-n28-tabl-p-plen-oboloch-337783/
По рецепту,https://gorzdrav.org/category/sredstva-ot-diabeta/api/v1/multimedia/media/downloadFile/BLmONJYBbTelyQYwvW4W-300x167,Тиоктовая кислота-Виал Таблетки 300 мг 30 шт,Южфарм,Тиоктовая кислота,383,,https://gorzdrav.org/category/sredstva-ot-diabeta/p/tioktovaja-kislotavial-0-3-n30-tabl-p-plen-oboloch-643464/
По рецепту,https://gorzdrav.org/category/sredstva-ot-diabeta/api/v1/multimedia/media/downloadFile/ym_EkJYBd_a3PeeG69A5-300x300,"Лусефи Таблетки 2,5 мг 30 шт",СЕРВЬЕ РУС,Лусеоглифлозин,3525,,https://gorzdrav.org/category/sredstva-ot-diabeta/p/lusefi-2-5mg-tabl-p-pl-ob-n30-665537/
По рецепту,https://gorzdrav.org/category/sredstva-ot-diabeta/api/v1/multimedia/media/downloadFile/B8knu5UBAi6hE-ZkdRfi-300x200,Метформин-Реневал Таблетки 500 мг 60 шт,Обновление,Метформин,137,,https://gorzdrav.org/category/sredstva-ot-diabeta/p/metformin-reneval-tabl-p-pl-ob-500mg-n60-651269/
По рецепту,https://gorzdrav.org/category/sredstva-ot-diabeta/api/v1/multimedia/media/downloadFile/vYgmu5UBJVujGJtQ5urx-300x200,Метформин-Реневал Таблетки 1000 мг 60 шт,Обновление,Метформин,235,,https://gorzdrav.org/category/sredstva-ot-diabeta/p/metformin-reneval-tabl-p-pl-ob-1000mg-n60-651459/
По рецепту,https://gorzdrav.org/category/sredstva-ot-diabeta/api/v1/multimedia/media/downloadFile/aJQfJZoBQ0PhHzbL8d6h-300x300,Форметин Таблетки 1000 мг 60 шт,Фармстандарт,Метформин,216,,https://gorzdrav.org/category/sredstva-ot-diabeta/p/formetin-tab-1g-60-41004/
По рецепту,https://gorzdrav.org/category/sredstva-ot-diabeta/api/v1/multimedia/media/downloadFile/Fb4lu5UBJVujGJtQtHGt-300x215,Тиоктовая кислота-Озон Таблетки 300 мг 30 шт,Озон,Тиоктовая кислота,492,,https://gorzdrav.org/category/sredstva-ot-diabeta/p/tioktovaja-kislota-tabl-p-p-o-300mg-30-590358/
По рецепту,https://gorzdrav.org/category/sredstva-ot-diabeta/api/v1/multimedia/media/downloadFile/hrQlu5UB5yfJBvc37PY6-300x300,Глипвило Мет Таблетки 50 мг + 1000 мг 60 шт,КРКА,Вилдаглиптин,1602,,https://gorzdrav.org/category/sredstva-ot-diabeta/p/glipvilo-met-0-05-1-0-n60-tabl-p-plen-oboloch-648805/
По рецепту,https://gorzdrav.org/category/sredstva-ot-diabeta/api/v1/multimedia/media/downloadFile/20OztZUBybk0vr4zqs_r-300x300,Новомикс 30 ФлексПен Суспензия для подкожного введения 100 ед/мл шприц-ручка 3 мл 5 шт,Ново Нордиск,Инсулин аспарт двухфазный,2184,,https://gorzdrav.org/category/sredstva-ot-diabeta/p/novomiks-30-flekspen-susp-d-in-100ed-ml-shpricruchka-3ml-n5-36880/
По рецепту,https://gorzdrav.org/category/sredstva-ot-diabeta/api/v1/multimedia/media/downloadFile/RAZBbpsBOkTyP3bfb-6H-300x299,Энлигрия Раствор для подкожного введения 6 мг/мл 3 мл шприц-ручка 1 шт,МЕДСИНТЕЗ ЗАВОД,Лираглутид,7264,,https://gorzdrav.org/category/sredstva-ot-diabeta/p/enligrija-0-006-ml-3ml-n1-shpricruchka-rr-p-k-665712/
По рецепту,https://gorzdrav.org/category/sredstva-ot-diabeta/api/v1/multimedia/media/downloadFile/fFhstZUBrbRC1cy5iqnG-300x300,Глидиаб МВ Таблетки 30 мг 60 шт,Акрихин,Гликлазид,275,,https://gorzdrav.org/category/sredstva-ot-diabeta/p/glidiab-mv-tabl-30mg-n60-26115/
По рецепту,https://gorzdrav.org/category/sredstva-ot-diabeta/api/v1/multimedia/media/downloadFile/fAki-pcB2BGN4fsdzefE-300x197,Ситаглиптин Таблетки 100 мг 30 шт,Макиз-Фарма,Ситаглиптин,490,,https://gorzdrav.org/category/sredstva-ot-diabeta/p/sitagliptin-tabl-p-o-plen-100-mg-kh30-665828/
По рецепту,https://gorzdrav.org/category/sredstva-ot-diabeta/api/v1/multimedia/media/downloadFile/YWFZq5YBuDZ3SNYhPKSA-300x300,Вилдаглиптин Гликвитабс Таблетки 50 мг 30 шт,Фармстандарт,Вилдаглиптин,540,,https://gorzdrav.org/category/sredstva-ot-diabeta/p/vildagliptin-glikvitabs-0-05-n30-tabl-665684/
По рецепту,https://gorzdrav.org/category/sredstva-ot-diabeta/api/v1/multimedia/media/downloadFile/jn6MuJUBybk0vr4zkRuC-300x300,Голда МВ Таблетки 30 мг 60 шт,Фармасинтез,Гликлазид,230,,https://gorzdrav.org/category/sredstva-ot-diabeta/p/golda-mv-tabl-30mg-60-205379/
По рецепту,https://gorzdrav.org/category/sredstva-ot-diabeta/api/v1/multimedia/media/downloadFile/fIBTtZUB4hniyrJCdJIj-300x300,Глюкованс Таблетки 5 мг + 500 мг 30 шт,МЕРК,Глибенкламид+Метформин,525,,https://gorzdrav.org/category/sredstva-ot-diabeta/p/gljukovans-tabl-p-o-500mg-5mg-n30-19467/
По рецепту,https://gorzdrav.org/category/sredstva-ot-diabeta/api/v1/multimedia/media/downloadFile/poUsu5UB5yfJBvc3ms6C-246x300,Октолипен Капсулы 300 мг 60 шт,Фармстандарт,Тиоктовая кислота,794,,https://gorzdrav.org/category/sredstva-ot-diabeta/p/oktolipen-0-3-n60-kaps-647423/
По рецепту,https://gorzdrav.org/category/sredstva-ot-diabeta/api/v1/multimedia/media/downloadFile/KnZDuZUBVT-7ZLtgIuDi-300x300,Метформин Лонг-Озон Таблетки с пролонгированным высвобождением 750 мг 60 шт,Озон,Метформин,522,,https://gorzdrav.org/category/sredstva-ot-diabeta/p/metformin-long-tabl-p-v-750mg-60-210456/
По рецепту,https://gorzdrav.org/category/sredstva-ot-diabeta/api/v1/multimedia/media/downloadFile/UMOMupUBu1bHOSl1kbkJ-300x213,Агарта Мет Таблетки 50 мг + 850 мг 60 шт,Гедеон Рихтер,Вилдаглиптин+Метформин,1804,,https://gorzdrav.org/category/sredstva-ot-diabeta/p/agarta-met-tabl-p-pl-ob-50mg-850mg-n60-643136/
По рецепту,https://gorzdrav.org/category/sredstva-ot-diabeta/api/v1/multimedia/media/downloadFile/Gd3it5UBybk0vr4zfp8m-300x300,"Випдомет таблетки 12,5 мг + 500 мг 56 шт",Штада,Алоглиптин+Метформин,2542,,https://gorzdrav.org/category/sredstva-ot-diabeta/p/vipdomet-tabl-p-o-12mg-500mg-n56-194253/
По рецепту,https://gorzdrav.org/category/sredstva-ot-diabeta/api/v1/multimedia/media/downloadFile/q4ZgtZUB4hniyrJCGlP0-300x300,Пурегон Пэн ручка-инжектор для введения лекарственных средств 1 шт,МСД ФАРМАСЬЮТИКАЛС,,1471,,https://gorzdrav.org/category/sredstva-ot-diabeta/p/puregon-ruchka-n1-up-23207/
По рецепту,https://gorzdrav.org/category/sredstva-ot-diabeta/api/v1/multimedia/media/downloadFile/_PiUNJYBxKCw1vHsri7U-300x300,Мелитид Раствор для подкожного введения 6 мг/мл шприц-ручка - 3 мл 1 шт,ЭсЭйч Фарма,Лираглутид,4776,,https://gorzdrav.org/category/sredstva-ot-diabeta/p/melitid-rr-dlja-p-k-vved-6mg-ml-shpricruchka-3ml-1-658797/
По рецепту,https://gorzdrav.org/category/sredstva-ot-diabeta/api/v1/multimedia/media/downloadFile/pF8LupUBarzHQIadAwQm-139x300,РинГлар Раствор для подкожного введения 100 ед/мл 3 мл картридж + Шприц-ручка ринастра II 5 шт,Герофарм,Инсулин гларгин,3342,,https://gorzdrav.org/category/sredstva-ot-diabeta/p/ringlar-100ed-ml-3ml-n5-kartridzh-shpricruchka-rinastra-ii-rr-p-k-344215/
,https://gorzdrav.org/category/sredstva-ot-diabeta/api/v1/multimedia/media/downloadFile/5DYyupUBRjkwyzW359pU-300x203,КардиоАктив Таурин Таблетки 500 мг 120 шт,Эвалар,Таурин,1126,,https://gorzdrav.org/category/sredstva-ot-diabeta/p/kardioaktiv-taurin-0-5-n120-tabl-619543/
По рецепту,https://gorzdrav.org/category/sredstva-ot-diabeta/api/v1/multimedia/media/downloadFile/H2FNdpgBHhsKBsZeA7sN-300x300,Вилдаглиптин Таблетки 50 мг 28 шт,Алиум,Вилдаглиптин,728,,https://gorzdrav.org/category/sredstva-ot-diabeta/p/vildagliptin-0-05-n28-tabl-643691/
По рецепту,https://gorzdrav.org/category/sredstva-ot-diabeta/api/v1/multimedia/media/downloadFile/9ESqupUBRjkwyzW3tba5-300x265,"Десмопрессин Таблетки 0,2 мг 30 шт",Озон,,1564,,https://gorzdrav.org/category/sredstva-ot-diabeta/p/desmopressin-tabl-0-2mg-30-590252/
По рецепту,https://gorzdrav.org/category/sredstva-ot-diabeta/api/v1/multimedia/media/downloadFile/-67O_JYBq8r59MNXd4d4-300x232,Амарил Таблетки 3 мг 30 шт,Санофи,Глимепирид,1641,,https://gorzdrav.org/category/sredstva-ot-diabeta/p/amaril-tabl-3mg-n30-31494/
По рецепту,https://gorzdrav.org/category/sredstva-ot-diabeta/api/v1/multimedia/media/downloadFile/UsP9tZUBybk0vr4zvwZF-300x300,Глидиаб Таблетки 80 мг 60 шт,Акрихин,Гликлазид,171,,https://gorzdrav.org/category/sredstva-ot-diabeta/p/glidiab-tabl-80mg-n60-43724/
,https://gorzdrav.org/category/sredstva-ot-diabeta/api/v1/multimedia/media/downloadFile/6UHOtpUB4hniyrJCwk5K-300x300,Solgar Модуляторы глюкозы Таблетки 60 шт,Solgar,,2929,,https://gorzdrav.org/category/sredstva-ot-diabeta/p/solgar-kompleks-moduljatora-gljukozy-tabl-n60-49330/
По рецепту,https://gorzdrav.org/category/sredstva-ot-diabeta/api/v1/multimedia/media/downloadFile/1fyptZUBrbRC1cy5lNJ5-300x300,"Минирин Таблетки 0,1 мг 30 шт",Фармстандарт,Десмопрессин,890,,https://gorzdrav.org/category/sredstva-ot-diabeta/p/minirin-tabl-0-1mg-n30-35642/
По рецепту,https://gorzdrav.org/category/sredstva-ot-diabeta/api/v1/multimedia/media/downloadFile/UCclu5UBJVujGJtQXg1Z-300x300,Глибенкламид+Метформин-Озон Таблетки 5 мг+500 мг 60 шт,Озон,Глибенкламид+Метформин,751,,https://gorzdrav.org/category/sredstva-ot-diabeta/p/glibenklamid-metformin-0-005-0-5-n60-tabl-p-plen-oboloch-blister-618484/
По рецепту,https://gorzdrav.org/category/sredstva-ot-diabeta/api/v1/multimedia/media/downloadFile/J-CpupUBRjkwyzW3UaHB-300x300,Биосулин Р Раствор для инъекций 100 ЕД/мл картридж + шприц-ручка 3 мл 5 шт,Фармстандарт,Инсулин-изофан [человеческий генно-инженерный],2197,,https://gorzdrav.org/category/sredstva-ot-diabeta/p/biosulin-r-100ed-ml-3ml-n5-kartridzh-shpricruchka-biomatikpen-2-rr-d-in-599793/
По рецепту,https://gorzdrav.org/category/sredstva-ot-diabeta/api/v1/multimedia/media/downloadFile/yZJsupUBu1bHOSl1BvDX-300x169,Форсиглекс Таблетки 850 мг + 50 мг 56 шт,Польфарма,Метформин+Ситаглиптин,1303,,https://gorzdrav.org/category/sredstva-ot-diabeta/p/forsigleks-tabl-p-o-850mg-50mg-n56-639333/
По рецепту,https://gorzdrav.org/category/sredstva-ot-diabeta/api/v1/multimedia/media/downloadFile/P6eONJYBbTelyQYwXbl7-300x300,Мерифатин МВ Таблетки с пролонгированным высвобождением 1000 мг 60 шт,Фармасинтез,Метформин,599,,https://gorzdrav.org/category/sredstva-ot-diabeta/p/merifatin-mv-tab-prolong-1000mg-60-660472/
По рецепту,https://gorzdrav.org/category/sredstva-ot-diabeta/api/v1/multimedia/media/downloadFile/vYouJZoBy6WW8PWFi_Py-300x300,Форметин лонг Таблетки с пролонгированным высвобождением 750 мг 60 шт,Фармстандарт,Метформин,482,,https://gorzdrav.org/category/sredstva-ot-diabeta/p/formetin-long-tabl-s-prolong-vysvob-pok-p-o-750-mg-60-590104/
По рецепту,https://gorzdrav.org/category/sredstva-ot-diabeta/api/v1/multimedia/media/downloadFile/F6gvJZoBy6WW8PWFxn1b-300x300,Форметин Лонг Таблетки с пролонгированным высвобождением 1000 мг 60 шт,Фармстандарт,Метформин,575,,https://gorzdrav.org/category/sredstva-ot-diabeta/p/formetin-long-1-0-n60-tabl-prolong-vysvob-p-plen-oboloch-596173/
По рецепту,https://gorzdrav.org/category/sredstva-ot-diabeta/api/v1/multimedia/media/downloadFile/3MtBBZwB-jufNU_rHEJa-300x212,Глимепирид таблетки 4 мг 90 шт,Фармпроект,Глимепирид,1467,,https://gorzdrav.org/category/sredstva-ot-diabeta/p/glimepirid-tabl-4mg-n90-634384/
По рецепту,https://gorzdrav.org/category/sredstva-ot-diabeta/api/v1/multimedia/media/downloadFile/6wyMuJUB4hniyrJCVYbJ-300x297,Мерифатин Таблетки 850 мг 60 шт,Фармасинтез,Метформин,163,,https://gorzdrav.org/category/sredstva-ot-diabeta/p/merifatin-tabl-p-o-850mg-60-205382/
По рецепту,https://gorzdrav.org/category/sredstva-ot-diabeta/api/v1/multimedia/media/downloadFile/tU-NuJUBybk0vr4zv7U3-300x203,Соликва Солостар Раствор 100 ед/мл + 50 мкг/мл 3 мл 3 шт,Санофи,Инсулин гларгин+Ликсисенатид,4783,,https://gorzdrav.org/category/sredstva-ot-diabeta/p/solikva-solostar-100ed-ml-50mkg-ml-3ml3-198702/
По рецепту,https://gorzdrav.org/category/sredstva-ot-diabeta/api/v1/multimedia/media/downloadFile/Pwg_uZUB4hniyrJCXsvJ-300x186,"Випдомет 850 мг Таблетки покрытые пленочной оболочкой 12,5 мг + 850 мг 56 шт",Штада,Алоглиптин+Метформин,2476,,https://gorzdrav.org/category/sredstva-ot-diabeta/p/vipdomet-tabl-p-pl-o-12-5mg-850mg-n56-300579/
По рецепту,https://gorzdrav.org/category/sredstva-ot-diabeta/api/v1/multimedia/media/downloadFile/YdqRupUBu1bHOSl10mdI-300x250,Вилдус Таблетки 50 мг 28 шт,Белупо,Вилдаглиптин,457,,https://gorzdrav.org/category/sredstva-ot-diabeta/p/vildus-tab-50mg-28-645209/
По рецепту,https://gorzdrav.org/category/sredstva-ot-diabeta/api/v1/multimedia/media/downloadFile/11iQNJYBbTelyQYw0Rfn-300x300,Росинсулин М микс 30/70 Суспензия для подкожного введения 100МЕ/мл 3 мл 5 шт,МЕДСИНТЕЗ ЗАВОД,,1321,,https://gorzdrav.org/category/sredstva-ot-diabeta/p/rosinsulin-m-miks-30-70-100me-ml-3ml-n5-kartr-susp-600705/
По рецепту,https://gorzdrav.org/category/sredstva-ot-diabeta/api/v1/multimedia/media/downloadFile/DgAgJZoBmzc5Xblz6vIx-300x300,Форметин Таблетки 850 мг 60 шт,Фармстандарт,Метформин,171,,https://gorzdrav.org/category/sredstva-ot-diabeta/p/formetin-tb-850mg-n60-41006/
По рецепту,https://gorzdrav.org/category/sredstva-ot-diabeta/api/v1/multimedia/media/downloadFile/Yq1yuZUB7vQMbYfxKW0Y-239x300,Мерифатин МВ Таблетки 500 мг 60 шт,Фармасинтез,Метформин,346,,https://gorzdrav.org/category/sredstva-ot-diabeta/p/merifatin-mv-tab-prolong-500mg-60-333876/
По рецепту,https://gorzdrav.org/category/sredstva-ot-diabeta/api/v1/multimedia/media/downloadFile/hOP4tZUBybk0vr4zTCFL-300x300,"Комбоглиз Пролонг Таблетки с модифицированным высвобождением покрытые пленочной оболочкой 1000 мг + 2,5 мг 56 шт",AstraZeneca,Метформин+Саксаглиптин,3578,,https://gorzdrav.org/category/sredstva-ot-diabeta/p/kombogliz-prolong-tabl-p-pl-ob-1000mg-2-5mg-n56-43348/
По рецепту,https://gorzdrav.org/category/sredstva-ot-diabeta/api/v1/multimedia/media/downloadFile/zuqQupUBu1bHOSl1-XUD-300x241,Вилдус Таблетки 50 мг 56 шт,Белупо,Вилдаглиптин,854,,https://gorzdrav.org/category/sredstva-ot-diabeta/p/vildus-tab-50mg-56-644695/
По рецепту,https://gorzdrav.org/category/sredstva-ot-diabeta/api/v1/multimedia/media/downloadFile/QlDiupUBRjkwyzW3glRz-300x300,Глипвило Таблетки 50 мг 28 шт,КРКА,Вилдаглиптин,450,,https://gorzdrav.org/category/sredstva-ot-diabeta/p/glipvilo-tabl-50mg-n28-647321/
По рецепту,https://gorzdrav.org/category/sredstva-ot-diabeta/api/v1/multimedia/media/downloadFile/XlmHyJkBu6LHc-yH3otH-300x252,"Глибенкламид Таблетки 3,5 мг 120 шт",Озон,Глибенкламид,158,,https://gorzdrav.org/category/sredstva-ot-diabeta/p/glibenklamid-tab-3-5mg-120-588677/
По рецепту,https://gorzdrav.org/category/sredstva-ot-diabeta/api/v1/multimedia/media/downloadFile/gbDtupUBarzHQIadfp4_-300x171,Сиглетик-Акрихин Таблетки 100 мг 28 шт,Акрихин,Ситаглиптин,946,,https://gorzdrav.org/category/sredstva-ot-diabeta/p/sigletikakrikhin-tabl-p-o-100mg-n28-650734/
По рецепту,https://gorzdrav.org/category/sredstva-ot-diabeta/api/v1/multimedia/media/downloadFile/pHQwJZoBmzc5Xblznpwc-300x300,Форметин Таблетки с пролонгированным высвобождением 500 мг 60 шт,Фармстандарт,Метформин,378,,https://gorzdrav.org/category/sredstva-ot-diabeta/p/formetin-long-0-5-n60-tabl-prolong-vysvob-p-plen-oboloch-602431/
По рецепту,https://gorzdrav.org/category/sredstva-ot-diabeta/api/v1/multimedia/media/downloadFile/I-xsu5UBAi6hE-Zk5uYJ-300x197,Ситагликс МЕТ Таблетки 1000 мг + 50 мг 60 шт,ИЗВАРИНО ФАРМА,,1060,,https://gorzdrav.org/category/sredstva-ot-diabeta/p/sitagliks-met-1-0-0-05-n60-tabl-p-plen-oboloch-660799/
По рецепту,https://gorzdrav.org/category/sredstva-ot-diabeta/api/v1/multimedia/media/downloadFile/-P6c4pkBjIJXAzWhwhIl-300x300,"Набор из двух упаковок Семавик Раствор 1,34 мг/мл картридж 3 мл в шприц-ручке 1 шт + иглы 4 шт",,,9750,10750,https://gorzdrav.org/category/sredstva-ot-diabeta/p/bundle_semavik-rr-p-k-vved-1-34mg-ml-kartridzh-3ml-v-shpricruchke-n1-s-iglami-4sht-642212-2/
По рецепту,https://gorzdrav.org/category/sredstva-ot-diabeta/api/v1/multimedia/media/downloadFile/B5lBupUBRjkwyzW3TFfO-300x300,Росинсулин Р Раствор для инъекций Медсинтез картридж в шприц-ручке КомфортПен 100МЕ/мл 3 мл 5 шт,МЕДСИНТЕЗ ЗАВОД,Инсулин растворимый [человеческий генно-инженерный],1713,,https://gorzdrav.org/category/sredstva-ot-diabeta/p/rosinsulin-r-medsintez-100me-ml-3ml-n5-kartridzh-v-shpricruchke-rosinsulin-komfortpen-rr-d-624833/
По рецепту,https://gorzdrav.org/category/sredstva-ot-diabeta/api/v1/multimedia/media/downloadFile/XJ3gt5UB4hniyrJCop2U-300x300,Ринсулин Р Раствор для инъекций 100 МЕ/мл 5 шт,Герофарм,Инсулин растворимый [человеческий генно-инженерный],1192,,https://gorzdrav.org/category/sredstva-ot-diabeta/p/rinsulin-r-rr-d-in-3ml-100me-ml-n5-192877/
По рецепту,https://gorzdrav.org/category/sredstva-ot-diabeta/api/v1/multimedia/media/downloadFile/OVxTtZUBybk0vr4zlAjH-300x300,"Глюкованс Таблетки покрытые оболочкой 2,5 мг + 500 мг 30 шт",МЕРК,Глибенкламид+Метформин,542,,https://gorzdrav.org/category/sredstva-ot-diabeta/p/gljukovans-tabl-p-o-500mg-2-5mg-n30-19466/
По рецепту,https://gorzdrav.org/category/sredstva-ot-diabeta/api/v1/multimedia/media/downloadFile/leqnupUBRjkwyzW3XP-_-300x193,Антиква Рапид Таблетки диспергируемые в полости рта 60 мкг 30 шт,Фармстандарт,Десмопрессин,1534,,https://gorzdrav.org/category/sredstva-ot-diabeta/p/antikva-rapid-60mkg-n30-tabl-disperg-v-polosti-rta-600811/
По рецепту,https://gorzdrav.org/category/sredstva-ot-diabeta/api/v1/multimedia/media/downloadFile/1DV1oZoBoUQ5hSsJBEW6-300x300,"Семавик Раствор для подкожного введения 1,34 мг/мл шприц-ручка 3 мл 1 шт + иглы 4 шт",Герофарм,Семаглутид,5375,,https://gorzdrav.org/category/sredstva-ot-diabeta/p/semavik-rr-p-k-vved-1-34mg-ml-kartridzh-3ml-v-shpricruchke-n1-s-iglami-4sht-642212/
По рецепту,https://gorzdrav.org/category/sredstva-ot-diabeta/api/v1/multimedia/media/downloadFile/3nCwuZUB7vQMbYfxLLxm-300x197,Глимепирид-Озон Таблетки 2 мг 30 шт,Озон,Глимепирид,380,,https://gorzdrav.org/category/sredstva-ot-diabeta/p/glimepirid-tab-2mg-30-331205/
По рецепту,https://gorzdrav.org/category/sredstva-ot-diabeta/api/v1/multimedia/media/downloadFile/yu2ONJYBbTelyQYwnEnq-300x300,Росинсулин Р Раствор для инъекций 100 МЕ/мл 5 мл 5 шт,МЕДСИНТЕЗ ЗАВОД,Инсулин растворимый [человеческий генно-инженерный],1276,,https://gorzdrav.org/category/sredstva-ot-diabeta/p/rosinsulin-r-100me-ml-5ml-n5-flak-rr-d-in-600837/
По рецепту,https://gorzdrav.org/category/sredstva-ot-diabeta/api/v1/multimedia/media/downloadFile/xYOhupUBRjkwyzW3RKsy-300x300,Метформин-СЗ Таблетки с пролонгированным высвобождением 1000 мг 60 шт,Северная Звезда,Метформин,475,,https://gorzdrav.org/category/sredstva-ot-diabeta/p/metforminsz-1-0-n60-tabl-prolong-vysvob-625453/
По рецепту,https://gorzdrav.org/category/sredstva-ot-diabeta/api/v1/multimedia/media/downloadFile/vz-aNJYBbTelyQYwLFmE-300x203,Глиптозан Таблетки 100 мг 30 шт,Гротекс,Ситаглиптин,798,,https://gorzdrav.org/category/sredstva-ot-diabeta/p/gliptozan-0-1-n30-tabl-p-plen-oboloch-649081/
По рецепту,https://gorzdrav.org/category/sredstva-ot-diabeta/api/v1/multimedia/media/downloadFile/-Spsu5UBAi6hE-ZkjoAA-300x216,Илдиглип Таблетки 50 мг 60 шт,ИЗВАРИНО ФАРМА,,1429,,https://gorzdrav.org/category/sredstva-ot-diabeta/p/ildiglip-0-05-n60-tabl-652893/
По рецепту,https://gorzdrav.org/category/sredstva-ot-diabeta/api/v1/multimedia/media/downloadFile/pwuMuJUBybk0vr4zjdJS-149x300,Мерифатин таблетки 500 мг 60 шт,Фармасинтез,Метформин,100,,https://gorzdrav.org/category/sredstva-ot-diabeta/p/merifatin-tabl-p-o-500mg-60-205383/
По рецепту,https://gorzdrav.org/category/sredstva-ot-diabeta/api/v1/multimedia/media/downloadFile/qDt9u5UBRnED4k9iQROr-300x233,Итилокт БВ Таблетки покрытые пленочной оболочкой 600 мг 30 шт,Гротекс,Тиоктовая кислота,1082,,https://gorzdrav.org/category/sredstva-ot-diabeta/p/itilokt-bv-0-6-n30-tabl-p-plen-oboloch-flak-659534/
По рецепту,https://gorzdrav.org/category/sredstva-ot-diabeta/api/v1/multimedia/media/downloadFile/Uw4rTZwBOkTyP3bfyoRh-300x300,Глимепирид Таблетки 2 мг 90 шт,Пранафарм,Глимепирид,460,,https://gorzdrav.org/category/sredstva-ot-diabeta/p/glimepirid-0-002-n90-tabl-blister-667518/
По рецепту,https://gorzdrav.org/category/sredstva-ot-diabeta/api/v1/multimedia/media/downloadFile/_I-HyJkBBFTqaCxSP50Q-300x253,Глибенкламид Таблетки 5 мг 120 шт,Озон,Глибенкламид,125,,https://gorzdrav.org/category/sredstva-ot-diabeta/p/glibenklamid-tab-5mg-120-588678/
По рецепту,https://gorzdrav.org/category/sredstva-ot-diabeta/api/v1/multimedia/media/downloadFile/lpRABZwBOkTyP3bfpfMr-300x212,Глимепирид ФП Таблетки 4 мг 30 шт,Фармпроект,Глимепирид,355,,https://gorzdrav.org/category/sredstva-ot-diabeta/p/glimepirid-0-004-n30-tabl-farmproekt-258827/
По рецепту,https://gorzdrav.org/category/sredstva-ot-diabeta/api/v1/multimedia/media/downloadFile/GEiruZUBVT-7ZLtgyJ57-300x300,Глимекомб таблетки 40 мг + 500 мг 60 шт,Акрихин,Гликлазид+Метформин,749,,https://gorzdrav.org/category/sredstva-ot-diabeta/p/glimekomb-tab-40-mg-500-mg-60-44195/
По рецепту,https://gorzdrav.org/category/sredstva-ot-diabeta/api/v1/multimedia/media/downloadFile/Us4dJZoBQ0PhHzbLgmYA-300x300,Форметин таблетки 500мг 60 шт,Фармстандарт,Метформин,117,,https://gorzdrav.org/category/sredstva-ot-diabeta/p/formetin-tab-500mg-60-30402/
По рецепту,https://gorzdrav.org/category/sredstva-ot-diabeta/api/v1/multimedia/media/downloadFile/M7bWtZUBrbRC1cy5oXHe-300x300,Амарил Таблетки 4 мг 90 шт,Санофи,Глимепирид,5511,,https://gorzdrav.org/category/sredstva-ot-diabeta/p/amaril-tabl-4mg-n90-40377/
По рецепту,https://gorzdrav.org/category/sredstva-ot-diabeta/api/v1/multimedia/media/downloadFile/BTN3t5UBybk0vr4zlIFX-300x225,Диабефарм МВ Таблетки 30 мг 60 шт,Фармакор Продакшн,Гликлазид,235,,https://gorzdrav.org/category/sredstva-ot-diabeta/p/diabefarm-mv-tab-s-modif-vysvob-30mg-60-36943/
По рецепту,https://gorzdrav.org/category/sredstva-ot-diabeta/api/v1/multimedia/media/downloadFile/g4mMupUBRjkwyzW3cRmd-300x213,Агарта Мет Таблетки 50 мг + 1000 мг 60 шт,Гедеон Рихтер,Вилдаглиптин+Метформин,2122,,https://gorzdrav.org/category/sredstva-ot-diabeta/p/agarta-met-tabl-p-pl-ob-50mg-1000mg-n60-643205/
По рецепту,https://gorzdrav.org/category/sredstva-ot-diabeta/api/v1/multimedia/media/downloadFile/Cc6OuJUBybk0vr4zZgnY-300x252,Метформин Таблетки покрытые пленочной оболочкой 850 мг 60 шт,Рафарма,Метформин,183,,https://gorzdrav.org/category/sredstva-ot-diabeta/p/metformin-tabl-p-pl-ob-850mg-60-205276/
По рецепту,https://gorzdrav.org/category/sredstva-ot-diabeta/api/v1/multimedia/media/downloadFile/jnGvuZUBVT-7ZLtg-3Iv-300x300,Глимепирид-Озон Таблетки 4 мг 30 шт,Озон,Глимепирид,567,,https://gorzdrav.org/category/sredstva-ot-diabeta/p/glimepirid-tab-4mg-30-331207/
По рецепту,https://gorzdrav.org/category/sredstva-ot-diabeta/api/v1/multimedia/media/downloadFile/L45qu5UBAi6hE-Zk4Vlb-300x216,Илдиглип Таблетки 50 мг 30 шт,ИЗВАРИНО ФАРМА,,741,,https://gorzdrav.org/category/sredstva-ot-diabeta/p/ildiglip-0-05-n30-tabl-652119/
По рецепту,https://gorzdrav.org/category/sredstva-ot-diabeta/api/v1/multimedia/media/downloadFile/1YqQuJUBybk0vr4zRl1c-300x222,Метформин Таблетки покрытые пленочной оболочкой 500 мг 60 шт,Рафарма,Метформин,144,,https://gorzdrav.org/category/sredstva-ot-diabeta/p/metformin-tabl-p-pl-ob-500mg-60-205275/
,https://gorzdrav.org/category/sredstva-ot-diabeta/api/v1/multimedia/media/downloadFile/ispHfZgBEl21vw0W4rgX-300x300,Дибикор Таблетки 250 мг 60 шт,ПИК-Фарма,Таурин,471,,https://gorzdrav.org/category/sredstva-ot-diabeta/p/dibikor-tabl-250mg-n60-33451/
,https://gorzdrav.org/category/sredstva-ot-diabeta/api/v1/multimedia/media/downloadFile/1eIuupUBsYtKaeUW4gjo-300x277,Липоевая кислота Таблетки 30 мг 60 шт,Квадрат-С,,304,,https://gorzdrav.org/category/sredstva-ot-diabeta/p/lipoevaya-kislota-tab-30mg-n60-kvadrat-s-609769/
По рецепту,https://gorzdrav.org/category/sredstva-ot-diabeta/api/v1/multimedia/media/downloadFile/UcOauZUBVT-7ZLtgsYop-300x300,Росинсулин С Суспензия  для подкожного введения 100 МЕ/мл катридж 3 мл 5 шт,МЕДСИНТЕЗ ЗАВОД,Инсулин-изофан [человеческий генно-инженерный],1031,,https://gorzdrav.org/category/sredstva-ot-diabeta/p/rosinsulin-s-susp-d-p-k-100me-ml-kartridzh-3ml-5-335985/
,"data:image/png;base64,iVBORw0KGgoAAAANSUhEUgAAAIQAAACECAYAAABRRIOnAAAACXBIWXMAAAsTAAALEwEAmpwYAAAAAXNSR0IArs4c6QAAAARnQU1BAACxjwv8YQUAAAbcSURBVHgB7Z1rS+NAFIZnV1EU74qiKCqKfvL//xBBUSwoiqKoKIqiKLv7hh3IOebSNEnnkvcBCa0NLc3TmTNnzkx+/fmHIeQ/vw0hKSgEEVAIIqAQREAhiIBCEAGFIAIKQQQUgggoBBFQCCKgEERAIYiAQhABhSACCkEEFIIIKAQRUAgioBBEQCGIgEIQAYUgAgpBBKMmIr6/v83Hx0dyHJSRkREzPj6eHLtIFEK8vLyYm5ub5NgUi4uLZm1tzYyNjZku8Sv0pXzX19eJDG2AVmJvb89MTk6arhB0DPH5+dmaDABdT6/Xq9UFhUbQQqB1aBtId39/b7pC0DHE09OTeIz+fmNjo1ZAiKD06upKtAqITVZWVkwXCFoI3ZQjEJybmzN1mJ6eNq+vr+bh4SH3fWKGeQgioBBEQCGIgEIQAYUgAgpBBFFNbiFr2WbmsgsE2UIgLzCMLKXl/f1d5CViJrjJrdvb26QVcJEsQiYUM6BIgMVKMEJgTuH8/LzRKe5BWV5eTlLkMRKEEJDh5OQkOeYxMTGR/KG4pS5vb29JN1H2fvv7+9EV0ngvRJEMuBj4teJvdLT5+BgTXYhVHh8fM/8/NTWVSBET3gtxdHSU/Fo1kGB1dbUVETQQ4/Ly0jw/P5uszxFT9+H1KAO/ziwZNjc3k4swDBkAuqHd3d1EQM3d3Z0XcU1TeCtEXjXU+vq6WVpaMi7ACCNLCgS7seCtEFl5BlwM14UqkAKxQxrIG0uewlshdDNscwA+sLW19eO5WMrsvBQCpXF6VJHVVLsCMcXCwoJ4DlVWMVRWeSlEVpCG0jafyIpjdI1niHgphB5ZoM9uIuHUJBBUJ6WQ0AodL4XQX6yvC2X0qi7kK0LHSyF0X+xreliLGkMMEUQ9BAJMH5M/RXMdoRKEEBjjd6UewTUsoSMCCkEEFIIIgoghkBV0NaFVBMr5sqbEQyYIIZCU8i1TCaoGushT+JZg00RVhl8GUstIemGFeNvJLuQkIAyGy/hL5yiQ0ML743P4VrDbGSHSWw/hiK2C2mp1yirDkb/AHwTF5/KpkrszQaWeeGojr4GLfHp6+mPDkbJzUGBzdnbmRaazM0IM48uuk1FFcIpiYtdSdCqGcAHmYWZnZ5OYATWgX19fiTRZoxPM8qKlcFnJTSFaJK8yHGWAeSX+KLRBDOKqVDBKIfpZ7qfnR+yGZXX3qLKgMrwod4Lh5/b2dnLUxcR4jHNdzPJGF0OgOa4S1FlscFclGMyLF8pkSIMRBlqSNPgMrmo0oxOizpS03Su7n/fIW01WRQYLpNCtgatyvOiEQJM/6P7UNmFURNMyAMigu6qsBUrDILoYwu5PjV9YuvnHCqv0YyzWTV8EnFeWHGpDBguSZHpvTBep7iiDSnyJOkrHl50WAi1BlXUebcoAfCkT5PR3H7QtA/ClHpNClFC2HcHMzIxpgqwSfhczo50RQgea/TTRZRuV4FddtpFJv+hRhV4/Oiw6IwTWY1op8GXrsb+mn11rqryuCCTS9PlNJciq0pnUNZrfg4ODvl5bdJFRvaXTzfb1mIOoOuTF8BKJNI0rIRhDKMoCSKSbcaxyXh6QAedo0Hq5qqwKZl0GJn2GAYK7rIg/PZqwx4uLC/GaKi2FlUG/F85zudI9mJVbLldJZQ0t60hRJAOSasPaKikLdhklFOUZ8HzV7iNPBox6dnZ2nBfhUogC+kk6VZGiSAZfbgcZRJeBprStG6rmdUdVMpD9dB82Z+GzDCAIIexddtvg8PDwx3OD7HRXJgVE8F0G0OkSOowodOuAPMOg5WtFUmh8vWtwp2OIrCKUui1RXkyRxudbSHdaCF2EgjiliSgfUuTlEny/n3inhcjKAzQBRENBjiaEm8sHIcSwagWaaB1CGFoW4WVQiV9qOhBD6hqPm64q0gW1dbcVDF0G4KUQGGam1yrgCx5GFTIuKN5rEPFikAF42WVg2NdWIqoM1CZUJRYZgJdC2C/ShRQIBgeZwo5BBuD1HXXQx2N1lI0h2iArgwgR+5nCxmfr9XrRyACCu01j0+Bi4jZOWjhcVLvWU8cUOMeuH9WELAPovBAAo4vj4+PM/+EC4+La1qJoTWfoMgAK8R8srtVzEFWAMKhnCFkGQCFSoKVATFA1XsGyQB+KW5qAQijsRh7Y4aUsQ2rvG+rLrZ+agELkgK1/kAxDvJAuooEEWNcxPz+ftAwu6x/bgEIQAWsqiYBCEAGFIAIKQQQUgggoBBFQCCKgEERAIYiAQhABhSACCkEEFIIIKAQRUAgioBBEQCGIgEIQAYUgAgpBBBSCCCgEEVAIIqAQREAhiIBCEAGFIAIKQQQUgggoBBH8BR9oEQSYvThMAAAAAElFTkSuQmCC",Росинсулин Комфорт Пен Шприц-ручка для инъекции инсулина без картриджей,МЕДСИНТЕЗ ЗАВОД,,2070,,https://gorzdrav.org/category/sredstva-ot-diabeta/p/rosinsulin-shpricruchka-d-vvedenija-insulina-335987/
По рецепту,https://gorzdrav.org/category/sredstva-ot-diabeta/api/v1/multimedia/media/downloadFile/0ZwRH5gB2BGN4fsdfjYL-300x212,Ситаглиптин Медисорб Таблетки 100 мг 28 шт,Медисорб,Ситаглиптин,777,,https://gorzdrav.org/category/sredstva-ot-diabeta/p/sitagliptin-medisorb-0-1-n28-tabl-p-plen-oboloch-662767/
По рецепту,https://gorzdrav.org/category/sredstva-ot-diabeta/api/v1/multimedia/media/downloadFile/ctMpTZwBOkTyP3bf7fuD-300x224,Глимепирид Таблетки 3 мг 30 шт,Пранафарм,Глимепирид,468,,https://gorzdrav.org/category/sredstva-ot-diabeta/p/glimepirid-tabl-3mg-n30-668049/
По рецепту,https://gorzdrav.org/category/sredstva-ot-diabeta/api/v1/multimedia/media/downloadFile/OBAsTZwBOkTyP3bfGBpr-300x228,Глимепирид Таблетки 4 мг 90 шт,Пранафарм,Глимепирид,794,,https://gorzdrav.org/category/sredstva-ot-diabeta/p/glimepirid-tabl-4mg-n90-667496/
По рецепту,https://gorzdrav.org/category/sredstva-ot-diabeta/api/v1/multimedia/media/downloadFile/ZtStupUBarzHQIad0UBU-300x300,Глимепирид-ФС Таблетки 3 мг 30 шт,Фармстандарт,Глимепирид,83,,https://gorzdrav.org/category/sredstva-ot-diabeta/p/glimepiridfs-tabl-3mg-n30-557141/
По рецепту,https://gorzdrav.org/category/sredstva-ot-diabeta/api/v1/multimedia/media/downloadFile/-Ck8tpUBybk0vr4zexdQ-300x300,Липотиоксон концентрат 25 мг/мл 12 мл 5 шт,Сотекс,Тиоктовая кислота,575,,https://gorzdrav.org/category/sredstva-ot-diabeta/p/lipotiokson-konc-d-inf-25mg-ml-12ml-5-59779/
По рецепту,https://gorzdrav.org/category/sredstva-ot-diabeta/api/v1/multimedia/media/downloadFile/9HSft5UBybk0vr4znZN0-300x162,Глимепирид-ФС 2 мг 30 шт,Фармстандарт,Глимепирид,43,,https://gorzdrav.org/category/sredstva-ot-diabeta/p/glimepirid-tab-2mg-30-70029/
По рецепту,https://gorzdrav.org/category/sredstva-ot-diabeta/api/v1/multimedia/media/downloadFile/KkKxupUBarzHQIadeAbP-300x300,Метформин Таблетки 850 мг 30 шт,Борисовский Завод Медицинских Препаратов,Метформин,95,,https://gorzdrav.org/category/sredstva-ot-diabeta/p/metformin-0-85-n30-tabl-p-plen-oboloch-594555/
По рецепту,https://gorzdrav.org/category/sredstva-ot-diabeta/api/v1/multimedia/media/downloadFile/fkUtu5UBAi6hE-Zkly2G-300x300,"Глибенкламид+Метформин-Озон Таблетки 2,5 мг + 500 мг 60 шт",Озон,Глибенкламид+Метформин,593,,https://gorzdrav.org/category/sredstva-ot-diabeta/p/glibenklamid-metformin-0-0025-0-5-n60-tabl-p-plen-oboloch-645158/
По рецепту,https://gorzdrav.org/category/sredstva-ot-diabeta/api/v1/multimedia/media/downloadFile/YnRDuZUB7vQMbYfxNWcQ-300x186,Глимепирид-Озон Таблетки 1 мг 30 шт,Озон,Глимепирид,267,,https://gorzdrav.org/category/sredstva-ot-diabeta/p/glimepirid-tab-1mg-30-207713/
По рецепту,https://gorzdrav.org/category/sredstva-ot-diabeta/api/v1/multimedia/media/downloadFile/NM2wuZUB7vQMbYfxKHGK-300x263,Глимепирид-Озон Таблетки 3 мг 30 шт,Озон,Глимепирид,512,,https://gorzdrav.org/category/sredstva-ot-diabeta/p/glimepirid-tab-3mg-30-331206/
По рецепту,https://gorzdrav.org/category/sredstva-ot-diabeta/api/v1/multimedia/media/downloadFile/I-CxupUBRjkwyzW3kZ5a-300x159,Метформин Санофи Таблетки 500 мг 60 шт,Санофи,Метформин,104,,https://gorzdrav.org/category/sredstva-ot-diabeta/p/metformin-tabl-500mg-n60-483991/
По рецепту,https://gorzdrav.org/category/sredstva-ot-diabeta/api/v1/multimedia/media/downloadFile/pBeIyJkBu6LHc-yHzS-5-300x143,Диаглинид Таблетки 2 мг 30 шт,Акрихин,Репаглинид,163,,https://gorzdrav.org/category/sredstva-ot-diabeta/p/diaglinid-tab-2mg-30-618299/
По рецепту,https://gorzdrav.org/category/sredstva-ot-diabeta/api/v1/multimedia/media/downloadFile/0QmxupUBarzHQIadPC76-300x200,Росинсулин Гларгин Раствор для подкожного введения 100 МЕ/мл 3 мл 5 шт,МЕДСИНТЕЗ ЗАВОД,Инсулин двухфазный [человеческий генно-инженерный],3075,,https://gorzdrav.org/category/sredstva-ot-diabeta/p/rosinsulin-glargin-100me-ml-3ml-n5-kartridzh-v-shpricruchke-rosinsulin-komfortpen-rr-p-k-641595/
По рецепту,https://gorzdrav.org/category/sredstva-ot-diabeta/api/v1/multimedia/media/downloadFile/NyQRH5gBH0J-GJRPhGxt-300x228,Ситаглиптин Таблетки 100 мг 28,Рафарма,Ситаглиптин,787,,https://gorzdrav.org/category/sredstva-ot-diabeta/p/sitagliptin-0-1-n28-tabl-p-plen-oboloch-665536/
По рецепту,https://gorzdrav.org/category/sredstva-ot-diabeta/api/v1/multimedia/media/downloadFile/P9BnfJkBUcRdFyL1ZsY6-300x229,Ситамет Медисорб Таблетки 1000 мг + 50 мг 60 шт,Медисорб,Метформин+Ситаглиптин,1438,,https://gorzdrav.org/category/sredstva-ot-diabeta/p/sitamet-medisorb-1-0-0-05-n60-tabl-p-plen-oboloch-blister-666037/
По рецепту,https://gorzdrav.org/category/sredstva-ot-diabeta/api/v1/multimedia/media/downloadFile/vpFABZwB-jufNU_rN-T--300x212,Глимепирид Таблетки 2 мг 30 шт,Фармпроект,Глимепирид,282,,https://gorzdrav.org/category/sredstva-ot-diabeta/p/glimepirid-0-002-n30-tabl-farmproekt-268581/
По рецепту,https://gorzdrav.org/category/sredstva-ot-diabeta/api/v1/multimedia/media/downloadFile/C6XWtZUBrbRC1cy5vdtR-300x300,Амарил Таблетки 3 мг 90 шт,Санофи,Глимепирид,3078,,https://gorzdrav.org/category/sredstva-ot-diabeta/p/amaril-tab-3mg-90-40376/
По рецепту,https://gorzdrav.org/category/sredstva-ot-diabeta/api/v1/multimedia/media/downloadFile/ZjmMNJYBbTelyQYwu0E6-300x300,"Глибенкламид+Метформин-Озон Таблетки 2,5 мг + 400 мг 40 шт",Озон,Глибенкламид+Метформин,344,,https://gorzdrav.org/category/sredstva-ot-diabeta/p/glibenklamid-metformin-0-0025-0-4-n40-tabl-p-plen-oboloch-626299/
По рецепту,https://gorzdrav.org/category/sredstva-ot-diabeta/api/v1/multimedia/media/downloadFile/NoQku5UBJVujGJtQPtZJ-300x300,Глибенкламид+Метформин-Озон Таблетки 5 мг+500 мг 30 шт,Озон,Глибенкламид+Метформин,324,,https://gorzdrav.org/category/sredstva-ot-diabeta/p/glibenklamid-metformin-tab-p-p-o-5-500mg-30-588680/
По рецепту,https://gorzdrav.org/category/sredstva-ot-diabeta/api/v1/multimedia/media/downloadFile/BX0jtpUB4hniyrJCp45--300x300,Биосулин Н Суспензия для подкожного введения 100 МЕ/мл 3 мл 5 шт,Фармстандарт,Инсулин-изофан [человеческий генно-инженерный],1098,,https://gorzdrav.org/category/sredstva-ot-diabeta/p/biosulin-n-susp-p-k-100ed-ml-3ml-fl-5-55078/
По рецепту,https://gorzdrav.org/category/sredstva-ot-diabeta/api/v1/multimedia/media/downloadFile/_I9ft5UBybk0vr4z_8ZL-261x300,Биосулин Р Раствор для инъекций 100 МЕ/мл 10 мл 1 шт,Фармстандарт,Инсулин растворимый [человеческий генно-инженерный],582,,https://gorzdrav.org/category/sredstva-ot-diabeta/p/biosulin-r-rr-d-in-100ed-ml-10ml-fl-1-40997/
По рецепту,https://gorzdrav.org/category/sredstva-ot-diabeta/api/v1/multimedia/media/downloadFile/FQYuu5UBJVujGJtQSOvP-300x300,Ринсулин Микс 30/70 Суспензия для подкожного введения 100 МЕ/мл в картридже 3 мл 5 шт,Герофарм,Инсулин двухфазный [человеческий генно-инженерный],1148,,https://gorzdrav.org/category/sredstva-ot-diabeta/p/rinsulin-miks-30-70-susp-p-k-vved-100me-ml-kartridzhi-3ml-5-658152/
По рецепту,https://gorzdrav.org/category/sredstva-ot-diabeta/api/v1/multimedia/media/downloadFile/6jwtu5UB5yfJBvc3ZeT3-300x155,Вилдаглиптин-Вертекс Таблетки 50 мг 56 шт,Вертекс,Вилдаглиптин,1064,,https://gorzdrav.org/category/sredstva-ot-diabeta/p/vildagliptinverteks-0-05-n56-tabl-655196/
По рецепту,https://gorzdrav.org/category/sredstva-ot-diabeta/api/v1/multimedia/media/downloadFile/MkeyuZUB7vQMbYfx22WU-300x300,Метформин-Вертекс Таблетки покрытые пленочной оболочкой 850 мг 60 шт,Вертекс,Метформин,74,,https://gorzdrav.org/category/sredstva-ot-diabeta/p/metforminverteks-tabl-p-o-plen-850-mg-kh60-250379/
По рецепту,https://gorzdrav.org/category/sredstva-ot-diabeta/api/v1/multimedia/media/downloadFile/occ6uZUB4hniyrJCw7Rd-300x300,Метформин Авексима Таблетки 1000 мг 60 шт,Авексима,Метформин,198,,https://gorzdrav.org/category/sredstva-ot-diabeta/p/metforminaveksima-tabl-p-pl-ob-1000mg-n60-300385/
По рецепту,https://gorzdrav.org/category/sredstva-ot-diabeta/api/v1/multimedia/media/downloadFile/upheuZUB7vQMbYfxVX-t-300x300,Диаглинид Таблетки 1 мг 30 шт,Акрихин,Репаглинид,140,,https://gorzdrav.org/category/sredstva-ot-diabeta/p/diaglinid-tab-1mg-30-332593/
По рецепту,https://gorzdrav.org/category/sredstva-ot-diabeta/api/v1/multimedia/media/downloadFile/5YxltZUB4hniyrJChb6l-236x300,Биосулин Р Раствор для инъекций картридж 100 МЕ/мл 3 мл 5 шт,Фармстандарт,Инсулин растворимый [человеческий генно-инженерный],1146,,https://gorzdrav.org/category/sredstva-ot-diabeta/p/biosulin-r-rr-d-in-100me-ml-3ml-5-24602/
По рецепту,https://gorzdrav.org/category/sredstva-ot-diabeta/api/v1/multimedia/media/downloadFile/xjQrTZwBbjLDJSEj36CD-300x300,Вилдаглиптин Таблетки 50 мг 28 шт,Hemofarm,Вилдаглиптин,686,,https://gorzdrav.org/category/sredstva-ot-diabeta/p/vildagliptin-0-05-n28-tabl-669584/
По рецепту,https://gorzdrav.org/category/sredstva-ot-diabeta/api/v1/multimedia/media/downloadFile/AeQrTZwBO1hvZDjOER9k-300x300,Глимепирид Таблетки 2 мг 30 шт,Пранафарм,Глимепирид,298,,https://gorzdrav.org/category/sredstva-ot-diabeta/p/glimepirid-0-002-n30-tabl-667556/
По рецепту,https://gorzdrav.org/category/sredstva-ot-diabeta/api/v1/multimedia/media/downloadFile/t-_gtZUB4hniyrJCPnjd-164x300,Биосулин Н Суспензия для подкожного введения 100 МЕ/мл 10 мл 1 шт,Фармстандарт,Инсулин-изофан [человеческий генно-инженерный],659,,https://gorzdrav.org/category/sredstva-ot-diabeta/p/biosulin-n-susp-p-k-100ed-ml-10ml-fl-1-40996/
По рецепту,https://gorzdrav.org/category/sredstva-ot-diabeta/api/v1/multimedia/media/downloadFile/0LIsTZwBbjLDJSEjTBAu-300x203,Глимепирид Таблетки 4 мг 30 шт,Пранафарм,Глимепирид,468,,https://gorzdrav.org/category/sredstva-ot-diabeta/p/glimepirid-tabl-4mg-n30-667566/
По рецепту,https://gorzdrav.org/category/sredstva-ot-diabeta/api/v1/multimedia/media/downloadFile/MiByuZUBVT-7ZLtggsze-300x239,Метфорвел таблетки 500 мг 60 шт,Велфарм,Метформин,39,,https://gorzdrav.org/category/sredstva-ot-diabeta/p/metforvel-tab-p-p-o-500mg-60-333898/
По рецепту,https://gorzdrav.org/category/sredstva-ot-diabeta/api/v1/multimedia/media/downloadFile/wmJyuZUBVT-7ZLtgL4NF-300x300,Мерифатин МВ Таблетки 750 мг 60 шт,Фармасинтез,Метформин,468,,https://gorzdrav.org/category/sredstva-ot-diabeta/p/merifatin-mv-tab-prolong-750mg-60-333877/
По рецепту,https://gorzdrav.org/category/sredstva-ot-diabeta/api/v1/multimedia/media/downloadFile/BLDMtZUB4hniyrJC7QHJ-300x300,Амарил таблетки 2 мг 90 шт,Санофи,Глимепирид,1245,,https://gorzdrav.org/category/sredstva-ot-diabeta/p/amaril-tabl-2mg-n90-39594/
По рецепту,https://gorzdrav.org/category/sredstva-ot-diabeta/api/v1/multimedia/media/downloadFile/8y5MtZUBybk0vr4zAHVX-300x300,Липоевая кислота Марбиофарм Таблетки 25 мг 50 шт,Марбиофарм,Тиоктовая кислота,56,,https://gorzdrav.org/category/sredstva-ot-diabeta/p/lipoevaja-kislota-tabl-p-o-25mg-n50-17086/
По рецепту,https://gorzdrav.org/category/sredstva-ot-diabeta/api/v1/multimedia/media/downloadFile/y0yOupUBRjkwyzW3Bj38-300x188,"Квинсента Раствор для подкожного введения 1,34 мг/мл 0,25/0,5 мг/доза картридж в шприц-ручке 1,5 мл 1 шт + иглы 6 шт",Промомед,Семаглутид,4961,,https://gorzdrav.org/category/sredstva-ot-diabeta/p/kvinsentarrp-kvved-0-25-0-5mg-doza-1-5mlshpricruchka-1-vkomplektesiglami6sht-644479/
По рецепту,https://gorzdrav.org/category/sredstva-ot-diabeta/api/v1/multimedia/media/downloadFile/FET7oZYBC9g2bECqTm-q-300x225,Диабефарм МВ Таблетки 60 мг 30 шт,Фармакор Продакшн,Гликлазид,243,,https://gorzdrav.org/category/sredstva-ot-diabeta/p/diabefarm-mv-tabl-60mg-30-208425/
По рецепту,https://gorzdrav.org/category/sredstva-ot-diabeta/api/v1/multimedia/media/downloadFile/e3xQupUBRjkwyzW3-2rl-300x169,Сиглетик Таблетки покрытые пленочной оболочкой 100 мг 28 шт,Акрихин,Ситаглиптин,913,,https://gorzdrav.org/category/sredstva-ot-diabeta/p/sigletik-0-1-n28-tabl-p-plen-oboloch-636735/
По рецепту,https://gorzdrav.org/category/sredstva-ot-diabeta/api/v1/multimedia/media/downloadFile/Y2-IyJkBu6LHc-yHA5VV-300x171,"Десмопрессин Таблетки 0,1 мг 30 шт",Озон,Десмопрессин,766,,https://gorzdrav.org/category/sredstva-ot-diabeta/p/desmopressin-tabl-0-1mg-30-621824/
По рецепту,https://gorzdrav.org/category/sredstva-ot-diabeta/api/v1/multimedia/media/downloadFile/ZhYtu5UBAi6hE-ZkkTOn-300x217,Вилдагвус Таблетки 50 мг 60 шт,Гротекс,Вилдаглиптин,1235,,https://gorzdrav.org/category/sredstva-ot-diabeta/p/vildagvus-0-05-n60-tabl-655160/
По рецепту,https://gorzdrav.org/category/sredstva-ot-diabeta/api/v1/multimedia/media/downloadFile/Af0vTZwBO1hvZDjOMO_x-300x300,Вилдаглиптин Таблетки 50 мг 56 шт,Hemofarm,Вилдаглиптин,1364,,https://gorzdrav.org/category/sredstva-ot-diabeta/p/vildagliptin-0-05-n56-tabl-669612/
По рецепту,https://gorzdrav.org/category/sredstva-ot-diabeta/api/v1/multimedia/media/downloadFile/8h-vupUBarzHQIadaTJb-300x300,Глимепирид Таблетки 4 мг 30 шт,Рафарма,Глимепирид,291,,https://gorzdrav.org/category/sredstva-ot-diabeta/p/glimepirid-tabl-4mg-n30-594939/
По рецепту,https://gorzdrav.org/category/sredstva-ot-diabeta/api/v1/multimedia/media/downloadFile/s_ehupUBarzHQIadPOjQ-300x199,Глимепирид Таблетки 3 мг 30 шт,Рафарма,Глимепирид,271,,https://gorzdrav.org/category/sredstva-ot-diabeta/p/glimepirid-tabl-3mg-n30-594938/
По рецепту,https://gorzdrav.org/category/sredstva-ot-diabeta/api/v1/multimedia/media/downloadFile/tZlLdpgBJwpR6z9ZtMOf-300x253,"Глибенкламид + Метформин Таблетки 2,5 мг + 500 мг 30 шт",Озон,Глибенкламид+Метформин,375,,https://gorzdrav.org/category/sredstva-ot-diabeta/p/glibenklamid-metformin-tab-p-p-o-2-5-500mg-30-588679/
По рецепту,https://gorzdrav.org/category/sredstva-ot-diabeta/api/v1/multimedia/media/downloadFile/TxKauZUBVT-7ZLtguAQm-300x224,Росинсулин С Суспензия для подкожного введения 100 МЕ/мл 5 мл 5 шт,МЕДСИНТЕЗ ЗАВОД,Инсулин-изофан [человеческий генно-инженерный],1226,,https://gorzdrav.org/category/sredstva-ot-diabeta/p/rosinsulin-s-susp-d-p-k-100me-ml-fl-5ml-5-335986/
По рецепту,https://gorzdrav.org/category/sredstva-ot-diabeta/api/v1/multimedia/media/downloadFile/lpp3uZUBVT-7ZLtgh6U1-300x254,РОСИНСУЛИН Р Медсинтез раствор для инъекций 100 МЕ/мл (кртридж) 3 мл 5 шт,МЕДСИНТЕЗ ЗАВОД,Инсулин растворимый,1066,,https://gorzdrav.org/category/sredstva-ot-diabeta/p/rosinsulin-r-rr-d-in-100me-ml-kartridzh-3ml-5-334102/
По рецепту,https://gorzdrav.org/category/sredstva-ot-diabeta/api/v1/multimedia/media/downloadFile/wcktu5UB5yfJBvc3jao9-300x300,Липотиоксон Концентрат для приготовления раствора для инфузий 25 мг/мл 24 мл 5 шт,Сотекс,Тиоктовая кислота,920,,https://gorzdrav.org/category/sredstva-ot-diabeta/p/lipotiokson-konc-d-prig-rra-d-inf-25mg-ml-amp-24ml-5-589429/
По рецепту,https://gorzdrav.org/category/sredstva-ot-diabeta/api/v1/multimedia/media/downloadFile/TuOOuJUB4hniyrJCwPgn-300x245,Метформин Рафарма Таблетки покрытые пленочной оболочкой 1000 мг 60 шт,Рафарма,Метформин,230,,https://gorzdrav.org/category/sredstva-ot-diabeta/p/metformin-tabl-p-pl-ob-1000mg-60-205274/
По рецепту,https://gorzdrav.org/category/sredstva-ot-diabeta/api/v1/multimedia/media/downloadFile/_XFLdpgBHhsKBsZevIla-300x300,Гликлазид Таблетки с пролонгированным высвобождением 60 мг 30 шт,Велфарм,Гликлазид,230,,https://gorzdrav.org/category/sredstva-ot-diabeta/p/gliklazid-0-06-n30-tabl-prolong-vysvob-658669/
По рецепту,https://gorzdrav.org/category/sredstva-ot-diabeta/api/v1/multimedia/media/downloadFile/fgwtTZwBO1hvZDjO6Pmy-300x208,Ситадиаб МЕТ Таблетки 1000 мг + 50 мг 56 шт,Гедеон Рихтер,Метформин+Ситаглиптин,1465,,https://gorzdrav.org/category/sredstva-ot-diabeta/p/sitadiab-met-1-0-0-05-n56-tabl-p-plen-oboloch-669112/
По рецепту,"data:image/png;base64,iVBORw0KGgoAAAANSUhEUgAAAIQAAACECAYAAABRRIOnAAAACXBIWXMAAAsTAAALEwEAmpwYAAAAAXNSR0IArs4c6QAAAARnQU1BAACxjwv8YQUAAAbcSURBVHgB7Z1rS+NAFIZnV1EU74qiKCqKfvL//xBBUSwoiqKoKIqiKLv7hh3IOebSNEnnkvcBCa0NLc3TmTNnzkx+/fmHIeQ/vw0hKSgEEVAIIqAQREAhiIBCEAGFIAIKQQQUgggoBBFQCCKgEERAIYiAQhABhSACCkEEFIIIKAQRUAgioBBEQCGIgEIQAYUgAgpBBKMmIr6/v83Hx0dyHJSRkREzPj6eHLtIFEK8vLyYm5ub5NgUi4uLZm1tzYyNjZku8Sv0pXzX19eJDG2AVmJvb89MTk6arhB0DPH5+dmaDABdT6/Xq9UFhUbQQqB1aBtId39/b7pC0DHE09OTeIz+fmNjo1ZAiKD06upKtAqITVZWVkwXCFoI3ZQjEJybmzN1mJ6eNq+vr+bh4SH3fWKGeQgioBBEQCGIgEIQAYUgAgpBBFFNbiFr2WbmsgsE2UIgLzCMLKXl/f1d5CViJrjJrdvb26QVcJEsQiYUM6BIgMVKMEJgTuH8/LzRKe5BWV5eTlLkMRKEEJDh5OQkOeYxMTGR/KG4pS5vb29JN1H2fvv7+9EV0ngvRJEMuBj4teJvdLT5+BgTXYhVHh8fM/8/NTWVSBET3gtxdHSU/Fo1kGB1dbUVETQQ4/Ly0jw/P5uszxFT9+H1KAO/ziwZNjc3k4swDBkAuqHd3d1EQM3d3Z0XcU1TeCtEXjXU+vq6WVpaMi7ACCNLCgS7seCtEFl5BlwM14UqkAKxQxrIG0uewlshdDNscwA+sLW19eO5WMrsvBQCpXF6VJHVVLsCMcXCwoJ4DlVWMVRWeSlEVpCG0jafyIpjdI1niHgphB5ZoM9uIuHUJBBUJ6WQ0AodL4XQX6yvC2X0qi7kK0LHSyF0X+xreliLGkMMEUQ9BAJMH5M/RXMdoRKEEBjjd6UewTUsoSMCCkEEFIIIgoghkBV0NaFVBMr5sqbEQyYIIZCU8i1TCaoGushT+JZg00RVhl8GUstIemGFeNvJLuQkIAyGy/hL5yiQ0ML743P4VrDbGSHSWw/hiK2C2mp1yirDkb/AHwTF5/KpkrszQaWeeGojr4GLfHp6+mPDkbJzUGBzdnbmRaazM0IM48uuk1FFcIpiYtdSdCqGcAHmYWZnZ5OYATWgX19fiTRZoxPM8qKlcFnJTSFaJK8yHGWAeSX+KLRBDOKqVDBKIfpZ7qfnR+yGZXX3qLKgMrwod4Lh5/b2dnLUxcR4jHNdzPJGF0OgOa4S1FlscFclGMyLF8pkSIMRBlqSNPgMrmo0oxOizpS03Su7n/fIW01WRQYLpNCtgatyvOiEQJM/6P7UNmFURNMyAMigu6qsBUrDILoYwu5PjV9YuvnHCqv0YyzWTV8EnFeWHGpDBguSZHpvTBep7iiDSnyJOkrHl50WAi1BlXUebcoAfCkT5PR3H7QtA/ClHpNClFC2HcHMzIxpgqwSfhczo50RQgea/TTRZRuV4FddtpFJv+hRhV4/Oiw6IwTWY1op8GXrsb+mn11rqryuCCTS9PlNJciq0pnUNZrfg4ODvl5bdJFRvaXTzfb1mIOoOuTF8BKJNI0rIRhDKMoCSKSbcaxyXh6QAedo0Hq5qqwKZl0GJn2GAYK7rIg/PZqwx4uLC/GaKi2FlUG/F85zudI9mJVbLldJZQ0t60hRJAOSasPaKikLdhklFOUZ8HzV7iNPBox6dnZ2nBfhUogC+kk6VZGiSAZfbgcZRJeBprStG6rmdUdVMpD9dB82Z+GzDCAIIexddtvg8PDwx3OD7HRXJgVE8F0G0OkSOowodOuAPMOg5WtFUmh8vWtwp2OIrCKUui1RXkyRxudbSHdaCF2EgjiliSgfUuTlEny/n3inhcjKAzQBRENBjiaEm8sHIcSwagWaaB1CGFoW4WVQiV9qOhBD6hqPm64q0gW1dbcVDF0G4KUQGGam1yrgCx5GFTIuKN5rEPFikAF42WVg2NdWIqoM1CZUJRYZgJdC2C/ShRQIBgeZwo5BBuD1HXXQx2N1lI0h2iArgwgR+5nCxmfr9XrRyACCu01j0+Bi4jZOWjhcVLvWU8cUOMeuH9WELAPovBAAo4vj4+PM/+EC4+La1qJoTWfoMgAK8R8srtVzEFWAMKhnCFkGQCFSoKVATFA1XsGyQB+KW5qAQijsRh7Y4aUsQ2rvG+rLrZ+agELkgK1/kAxDvJAuooEEWNcxPz+ftAwu6x/bgEIQAWsqiYBCEAGFIAIKQQQUgggoBBFQCCKgEERAIYiAQhABhSACCkEEFIIIKAQRUAgioBBEQCGIgEIQAYUgAgpBBBSCCCgEEVAIIqAQREAhiIBCEAGFIAIKQQQUgggoBBH8BR9oEQSYvThMAAAAAElFTkSuQmCC",Росинсулин Аспарт Р Раствор для внутривенного и подкожного введения картридж 100 МЕ/мл 3 мл 5 шт,МЕДСИНТЕЗ ЗАВОД,Инсулин двухфазный [человеческий генно-инженерный],1883,,https://gorzdrav.org/category/sredstva-ot-diabeta/p/rosinsulin-aspart-r-100me-ml-3ml-n5-kartridzh-rr-v-v-p-k-632679/
По рецепту,https://gorzdrav.org/category/sredstva-ot-diabeta/api/v1/multimedia/media/downloadFile/7kk6F5cBRVd5dTIxr_oo-300x216,Глимепирид Таблетки 2 мг 30 шт,Сотекс,Глимепирид,280,,https://gorzdrav.org/category/sredstva-ot-diabeta/p/glimepirid-tabl-2mg-n30-594937/
По рецепту,https://gorzdrav.org/category/sredstva-ot-diabeta/api/v1/multimedia/media/downloadFile/5DmaNJYBxKCw1vHsYxU3-300x300,Глипвило Мет Таблетки 50 мг + 1000 мг 30 шт,КРКА,Вилдаглиптин,1079,,https://gorzdrav.org/category/sredstva-ot-diabeta/p/glipvilo-met-0-05-1-0-n30-tabl-p-plen-oboloch-648911/
По рецепту,https://gorzdrav.org/category/sredstva-ot-diabeta/api/v1/multimedia/media/downloadFile/mDSHyJkBBFTqaCxS9LhP-300x167,"Глибенкламид Таблетки 1,75 мг 120 шт",Озон,Глибенкламид,133,,https://gorzdrav.org/category/sredstva-ot-diabeta/p/glibenklamid-tab-1-75mg-120-588676/
